-14,-2,zr/jP1+JsLb3UPOcro32f5+mZ4w=,DNNQDazvJG+0i2TuOh+72E67Vzg=
-15,-2,zr/jP1+JsLb3UPOcro32f5+mZ4w=,ZkOZAPTE/VXRmqxAkC70/Z324n4=
-14,-3,zr/jP1+JsLb3UPOcro32f5+mZ4w=,Rr9pO2otZYYMoHmFMHmNWqSB8/A=
-15,-3,zr/jP1+JsLb3UPOcro32f5+mZ4w=,kZwMz0rKe2+D9CixmRdOAw9MahY=
-14,-5,l/smZeQSwU74wo7nKaDAI/LFWZQ=,8OMkIxCd2eUmgm4GEcBWfD40srg=
-15,-4,l/smZeQSwU74wo7nKaDAI/LFWZQ=,kZwMz0rKe2+D9CixmRdOAw9MahY=
-15,-5,l/smZeQSwU74wo7nKaDAI/LFWZQ=,H+ggec886+oTKNj+wPyrInLt0RU=
-14,-4,l/smZeQSwU74wo7nKaDAI/LFWZQ=,Rr9pO2otZYYMoHmFMHmNWqSB8/A=
-13,-7,n8Td8on+vNgVuKIa+9T88sinKXk=,ztm90+PDrzIjKkISLmIBQ6TOGDE=
-12,-7,n8Td8on+vNgVuKIa+9T88sinKXk=,HOdX5EBneqDE8mGlCZkuDaj/4N8=
-10,-7,n8Td8on+vNgVuKIa+9T88sinKXk=,YbFgg1haowt2+JnOR6xFiO/Kd5M=
-10,-6,n8Td8on+vNgVuKIa+9T88sinKXk=,9JYsCzk5P+OpFo50gMRJ21+ICyo=
-13,-6,6V3R/pqieJSSdF9ZgAgbR3lFFIY=,8OMkIxCd2eUmgm4GEcBWfD40srg=
-12,-6,6V3R/pqieJSSdF9ZgAgbR3lFFIY=,+PMTgVoQoGyQ4AEoi52CnMIySYE=
-11,-7,6V3R/pqieJSSdF9ZgAgbR3lFFIY=,HOdX5EBneqDE8mGlCZkuDaj/4N8=
-11,-6,6V3R/pqieJSSdF9ZgAgbR3lFFIY=,+PMTgVoQoGyQ4AEoi52CnMIySYE=
-10,-9,fTVQfxSGay1dNJE8RuKctLdYtck=,KGTk+60KWTvcIYimVW4vrLubGmk=
-10,-8,fTVQfxSGay1dNJE8RuKctLdYtck=,YbFgg1haowt2+JnOR6xFiO/Kd5M=
-11,-9,fTVQfxSGay1dNJE8RuKctLdYtck=,KFvKqvr3MsY5Sxa/LfnTSTxn7yw=
-13,-8,fTVQfxSGay1dNJE8RuKctLdYtck=,ztm90+PDrzIjKkISLmIBQ6TOGDE=
-11,-8,fTVQfxSGay1dNJE8RuKctLdYtck=,HOdX5EBneqDE8mGlCZkuDaj/4N8=
-13,-9,fTVQfxSGay1dNJE8RuKctLdYtck=,xPW5Gp7K7af6WK5LBSDqvU4qI00=
-12,-9,fTVQfxSGay1dNJE8RuKctLdYtck=,KFvKqvr3MsY5Sxa/LfnTSTxn7yw=
-12,-8,fTVQfxSGay1dNJE8RuKctLdYtck=,HOdX5EBneqDE8mGlCZkuDaj/4N8=
-6,-10,m82gaVwm66eFU72vua1eZNbd8HM=,61JAYXhmhSGZYjV79HOYWQ+mmE0=
-7,-11,m82gaVwm66eFU72vua1eZNbd8HM=,vDvXYPr/UG0NnWtul5kzgOwCx3Y=
-7,-10,m82gaVwm66eFU72vua1eZNbd8HM=,dI7VPYe29wE+d7BLZViFaV7be8E=
-6,-11,m82gaVwm66eFU72vua1eZNbd8HM=,wfV6Ms/eyW1JdAhkDp2zww1jpx8=
-4,-10,m82gaVwm66eFU72vua1eZNbd8HM=,JEPnYwipM7MuMT7pORYFU6mfupw=
-4,-11,m82gaVwm66eFU72vua1eZNbd8HM=,fCYI+czBHUhBCBw4GxZsrt/KUCw=
-5,-10,m82gaVwm66eFU72vua1eZNbd8HM=,61JAYXhmhSGZYjV79HOYWQ+mmE0=
-5,-11,m82gaVwm66eFU72vua1eZNbd8HM=,wfV6Ms/eyW1JdAhkDp2zww1jpx8=
-4,-12,FFpzOAc+7SKwPBH6+09/WJF2VR4=,fCYI+czBHUhBCBw4GxZsrt/KUCw=
-5,-13,FFpzOAc+7SKwPBH6+09/WJF2VR4=,ewRRN8W7BpFkiyUO7qcW97JQLe0=
-4,-13,FFpzOAc+7SKwPBH6+09/WJF2VR4=,O3h0RnNDKx2maQ2CyxOBA9/Cpxc=
-5,-12,FFpzOAc+7SKwPBH6+09/WJF2VR4=,wfV6Ms/eyW1JdAhkDp2zww1jpx8=
-5,-14,FFpzOAc+7SKwPBH6+09/WJF2VR4=,ewRRN8W7BpFkiyUO7qcW97JQLe0=
-4,-14,FFpzOAc+7SKwPBH6+09/WJF2VR4=,O3h0RnNDKx2maQ2CyxOBA9/Cpxc=
-4,-15,FFpzOAc+7SKwPBH6+09/WJF2VR4=,V39+zt/RHoezEu+4G5CspTHco5E=
-5,-15,FFpzOAc+7SKwPBH6+09/WJF2VR4=,0T1YLXgi7rFQWPzVdm685nG5cZw=
-2,-14,7963UgKHr87BpX+8htMVUkAUvac=,na/TYuBkOzZlpohtuIAAKmHuh8A=
-3,-14,7963UgKHr87BpX+8htMVUkAUvac=,O3h0RnNDKx2maQ2CyxOBA9/Cpxc=
-3,-15,7963UgKHr87BpX+8htMVUkAUvac=,V39+zt/RHoezEu+4G5CspTHco5E=
-2,-15,7963UgKHr87BpX+8htMVUkAUvac=,jHmBuYDetSn8M6djv0M0NrakLl0=
-6,-15,p64tmnPAYIkV4/ToUn2vk7hedeQ=,0T1YLXgi7rFQWPzVdm685nG5cZw=
-6,-14,p64tmnPAYIkV4/ToUn2vk7hedeQ=,ewRRN8W7BpFkiyUO7qcW97JQLe0=
-7,-12,p64tmnPAYIkV4/ToUn2vk7hedeQ=,vDvXYPr/UG0NnWtul5kzgOwCx3Y=
-7,-14,p64tmnPAYIkV4/ToUn2vk7hedeQ=,Epxm2zCmQ5IwcVaPV8w6hfuvWkg=
-6,-13,p64tmnPAYIkV4/ToUn2vk7hedeQ=,ewRRN8W7BpFkiyUO7qcW97JQLe0=
-7,-15,p64tmnPAYIkV4/ToUn2vk7hedeQ=,L0ioyhuhyI2JSdCfneKzH3cXx4A=
-7,-13,p64tmnPAYIkV4/ToUn2vk7hedeQ=,Epxm2zCmQ5IwcVaPV8w6hfuvWkg=
-6,-12,p64tmnPAYIkV4/ToUn2vk7hedeQ=,wfV6Ms/eyW1JdAhkDp2zww1jpx8=
-8,-15,cqJ2tK9mOphR/ZiEndHT6Xt6ldA=,L0ioyhuhyI2JSdCfneKzH3cXx4A=
-9,-15,cqJ2tK9mOphR/ZiEndHT6Xt6ldA=,CKnA8KywJii1dQQmg9u+H2PZ86I=
-8,-14,cqJ2tK9mOphR/ZiEndHT6Xt6ldA=,Epxm2zCmQ5IwcVaPV8w6hfuvWkg=
-9,-14,cqJ2tK9mOphR/ZiEndHT6Xt6ldA=,pSsd9TebhpEnfZYQmimgdP0WCMU=
-10,-14,DO4OesgMyaohYTNeyBUbFoWxfhY=,pSsd9TebhpEnfZYQmimgdP0WCMU=
-11,-14,DO4OesgMyaohYTNeyBUbFoWxfhY=,wNeN/SmtTOJo2jsa9bZj0C4hPkM=
-11,-15,DO4OesgMyaohYTNeyBUbFoWxfhY=,F/2zcB0XH+d+jRiHS74Cc8HXmO8=
-10,-15,DO4OesgMyaohYTNeyBUbFoWxfhY=,CKnA8KywJii1dQQmg9u+H2PZ86I=
-13,-10,hSfhOsg6/sq+/G/PXYstivmLXlM=,xPW5Gp7K7af6WK5LBSDqvU4qI00=
-12,-11,hSfhOsg6/sq+/G/PXYstivmLXlM=,X/a3665dRNs1dfUt0ZLcap6xtLk=
-12,-10,hSfhOsg6/sq+/G/PXYstivmLXlM=,KFvKqvr3MsY5Sxa/LfnTSTxn7yw=
-13,-11,hSfhOsg6/sq+/G/PXYstivmLXlM=,V6D72CnTqzCMk8o1YG4AXQX8AXw=
-12,-13,hSfhOsg6/sq+/G/PXYstivmLXlM=,wNeN/SmtTOJo2jsa9bZj0C4hPkM=
-13,-12,hSfhOsg6/sq+/G/PXYstivmLXlM=,V6D72CnTqzCMk8o1YG4AXQX8AXw=
-12,-12,hSfhOsg6/sq+/G/PXYstivmLXlM=,X/a3665dRNs1dfUt0ZLcap6xtLk=
-13,-13,hSfhOsg6/sq+/G/PXYstivmLXlM=,Pl0esNiw6/RFCXKoCWB4aCgwzu0=
-13,-15,gTLp1H4PDfZgPlot6zpuK9XDs6E=,SoYIgTtUjU3jqZLeJbE+8PAaULI=
-12,-14,gTLp1H4PDfZgPlot6zpuK9XDs6E=,wNeN/SmtTOJo2jsa9bZj0C4hPkM=
-12,-15,gTLp1H4PDfZgPlot6zpuK9XDs6E=,F/2zcB0XH+d+jRiHS74Cc8HXmO8=
-13,-14,gTLp1H4PDfZgPlot6zpuK9XDs6E=,Pl0esNiw6/RFCXKoCWB4aCgwzu0=
-11,-13,I8Vx9IFrlEw0+lIjZpidkRp8h6w=,wNeN/SmtTOJo2jsa9bZj0C4hPkM=
-11,-10,I8Vx9IFrlEw0+lIjZpidkRp8h6w=,KFvKqvr3MsY5Sxa/LfnTSTxn7yw=
-8,-13,I8Vx9IFrlEw0+lIjZpidkRp8h6w=,Epxm2zCmQ5IwcVaPV8w6hfuvWkg=
-9,-12,I8Vx9IFrlEw0+lIjZpidkRp8h6w=,u+84JPAWUvxxMHilrahMawiVpy8=
-11,-12,I8Vx9IFrlEw0+lIjZpidkRp8h6w=,X/a3665dRNs1dfUt0ZLcap6xtLk=
-8,-11,I8Vx9IFrlEw0+lIjZpidkRp8h6w=,vDvXYPr/UG0NnWtul5kzgOwCx3Y=
-11,-11,I8Vx9IFrlEw0+lIjZpidkRp8h6w=,X/a3665dRNs1dfUt0ZLcap6xtLk=
-9,-10,I8Vx9IFrlEw0+lIjZpidkRp8h6w=,KGTk+60KWTvcIYimVW4vrLubGmk=
-9,-13,I8Vx9IFrlEw0+lIjZpidkRp8h6w=,pSsd9TebhpEnfZYQmimgdP0WCMU=
-8,-12,I8Vx9IFrlEw0+lIjZpidkRp8h6w=,vDvXYPr/UG0NnWtul5kzgOwCx3Y=
-10,-12,I8Vx9IFrlEw0+lIjZpidkRp8h6w=,u+84JPAWUvxxMHilrahMawiVpy8=
-10,-13,I8Vx9IFrlEw0+lIjZpidkRp8h6w=,pSsd9TebhpEnfZYQmimgdP0WCMU=
-8,-10,I8Vx9IFrlEw0+lIjZpidkRp8h6w=,dI7VPYe29wE+d7BLZViFaV7be8E=
-9,-11,I8Vx9IFrlEw0+lIjZpidkRp8h6w=,u+84JPAWUvxxMHilrahMawiVpy8=
-10,-11,I8Vx9IFrlEw0+lIjZpidkRp8h6w=,u+84JPAWUvxxMHilrahMawiVpy8=
-10,-10,I8Vx9IFrlEw0+lIjZpidkRp8h6w=,KGTk+60KWTvcIYimVW4vrLubGmk=
-14,-15,wb3rqbBYBi18CO21t/lUmuACwvI=,SoYIgTtUjU3jqZLeJbE+8PAaULI=
-14,-14,wb3rqbBYBi18CO21t/lUmuACwvI=,Pl0esNiw6/RFCXKoCWB4aCgwzu0=
-15,-15,wb3rqbBYBi18CO21t/lUmuACwvI=,SJsBOCl5KYxD2kz2mdRhJETQcL8=
-15,-14,wb3rqbBYBi18CO21t/lUmuACwvI=,Gb7+wyoAtmT9E6nsYrtjBwpHfug=
-15,-13,eHr07erKL+CLQ7lRzLL4n1K7CAE=,Gb7+wyoAtmT9E6nsYrtjBwpHfug=
-16,-12,eHr07erKL+CLQ7lRzLL4n1K7CAE=,2bxhoSPNg3Ae35PswfigPcxImc4=
-16,-13,eHr07erKL+CLQ7lRzLL4n1K7CAE=,Gb7+wyoAtmT9E6nsYrtjBwpHfug=
-14,-13,eHr07erKL+CLQ7lRzLL4n1K7CAE=,Pl0esNiw6/RFCXKoCWB4aCgwzu0=
-15,-12,eHr07erKL+CLQ7lRzLL4n1K7CAE=,2bxhoSPNg3Ae35PswfigPcxImc4=
-14,-12,eHr07erKL+CLQ7lRzLL4n1K7CAE=,V6D72CnTqzCMk8o1YG4AXQX8AXw=
-16,-4,eHr07erKL+CLQ7lRzLL4n1K7CAE=,kZwMz0rKe2+D9CixmRdOAw9MahY=
-16,-5,eHr07erKL+CLQ7lRzLL4n1K7CAE=,H+ggec886+oTKNj+wPyrInLt0RU=
-16,-2,eGJT9SBsozrQh5ZyzVtfr1pteis=,ZkOZAPTE/VXRmqxAkC70/Z324n4=
-16,-3,eGJT9SBsozrQh5ZyzVtfr1pteis=,kZwMz0rKe2+D9CixmRdOAw9MahY=
-15,-1,eGJT9SBsozrQh5ZyzVtfr1pteis=,ZkOZAPTE/VXRmqxAkC70/Z324n4=
-14,-1,eGJT9SBsozrQh5ZyzVtfr1pteis=,DNNQDazvJG+0i2TuOh+72E67Vzg=
-15,-11,DPIu79MDfbDY5zJGcucnBJpafhQ=,2bxhoSPNg3Ae35PswfigPcxImc4=
-14,-10,DPIu79MDfbDY5zJGcucnBJpafhQ=,xPW5Gp7K7af6WK5LBSDqvU4qI00=
-16,-10,DPIu79MDfbDY5zJGcucnBJpafhQ=,kt7IVgUXl6e9kgYLYsVrCtkFg8s=
-16,-11,DPIu79MDfbDY5zJGcucnBJpafhQ=,2bxhoSPNg3Ae35PswfigPcxImc4=
-14,-11,DPIu79MDfbDY5zJGcucnBJpafhQ=,V6D72CnTqzCMk8o1YG4AXQX8AXw=
-15,-10,DPIu79MDfbDY5zJGcucnBJpafhQ=,kt7IVgUXl6e9kgYLYsVrCtkFg8s=
-15,-7,XXYrHMMzIPXGoD0ZtGlMv7y3nrI=,UQBpJlnjcCtlBMc5JSuhMl9AG24=
-15,-9,XXYrHMMzIPXGoD0ZtGlMv7y3nrI=,kt7IVgUXl6e9kgYLYsVrCtkFg8s=
-16,-8,XXYrHMMzIPXGoD0ZtGlMv7y3nrI=,UQBpJlnjcCtlBMc5JSuhMl9AG24=
-16,-7,XXYrHMMzIPXGoD0ZtGlMv7y3nrI=,UQBpJlnjcCtlBMc5JSuhMl9AG24=
-14,-7,XXYrHMMzIPXGoD0ZtGlMv7y3nrI=,ztm90+PDrzIjKkISLmIBQ6TOGDE=
-14,-6,XXYrHMMzIPXGoD0ZtGlMv7y3nrI=,8OMkIxCd2eUmgm4GEcBWfD40srg=
-16,-9,XXYrHMMzIPXGoD0ZtGlMv7y3nrI=,kt7IVgUXl6e9kgYLYsVrCtkFg8s=
-14,-9,XXYrHMMzIPXGoD0ZtGlMv7y3nrI=,xPW5Gp7K7af6WK5LBSDqvU4qI00=
-15,-6,XXYrHMMzIPXGoD0ZtGlMv7y3nrI=,H+ggec886+oTKNj+wPyrInLt0RU=
-14,-8,XXYrHMMzIPXGoD0ZtGlMv7y3nrI=,ztm90+PDrzIjKkISLmIBQ6TOGDE=
-15,-8,XXYrHMMzIPXGoD0ZtGlMv7y3nrI=,UQBpJlnjcCtlBMc5JSuhMl9AG24=
-16,-6,XXYrHMMzIPXGoD0ZtGlMv7y3nrI=,H+ggec886+oTKNj+wPyrInLt0RU=
-13,-5,Uhz2KNaBjy+St/vvOz4QANOC3+o=,8OMkIxCd2eUmgm4GEcBWfD40srg=
-13,-4,Uhz2KNaBjy+St/vvOz4QANOC3+o=,Rr9pO2otZYYMoHmFMHmNWqSB8/A=
-12,-4,Uhz2KNaBjy+St/vvOz4QANOC3+o=,rRJoeSAtn5uu43dAzHANY3yPbRQ=
-13,-2,Uhz2KNaBjy+St/vvOz4QANOC3+o=,DNNQDazvJG+0i2TuOh+72E67Vzg=
-12,-5,Uhz2KNaBjy+St/vvOz4QANOC3+o=,+PMTgVoQoGyQ4AEoi52CnMIySYE=
-12,-3,Uhz2KNaBjy+St/vvOz4QANOC3+o=,rRJoeSAtn5uu43dAzHANY3yPbRQ=
-12,-2,Uhz2KNaBjy+St/vvOz4QANOC3+o=,lHxh+5dl1M4P2ckVSEOL1kM6Z5U=
-13,-3,Uhz2KNaBjy+St/vvOz4QANOC3+o=,Rr9pO2otZYYMoHmFMHmNWqSB8/A=
-11,-4,V2DUStHAvOUWAPk2GtE8TxEpbc0=,rRJoeSAtn5uu43dAzHANY3yPbRQ=
-11,-5,V2DUStHAvOUWAPk2GtE8TxEpbc0=,+PMTgVoQoGyQ4AEoi52CnMIySYE=
-10,-5,V2DUStHAvOUWAPk2GtE8TxEpbc0=,9JYsCzk5P+OpFo50gMRJ21+ICyo=
-10,-4,V2DUStHAvOUWAPk2GtE8TxEpbc0=,UXJqLjcx4QwGUnlpo7Y6vC8Ru28=
-10,-3,0AvWTfwtiAbrfcG/AwIZ3ihzqAw=,UXJqLjcx4QwGUnlpo7Y6vC8Ru28=
-10,-2,0AvWTfwtiAbrfcG/AwIZ3ihzqAw=,392V9Gty+mZPoxpnOCq9Kzpz87c=
-11,-3,0AvWTfwtiAbrfcG/AwIZ3ihzqAw=,rRJoeSAtn5uu43dAzHANY3yPbRQ=
-11,-2,0AvWTfwtiAbrfcG/AwIZ3ihzqAw=,lHxh+5dl1M4P2ckVSEOL1kM6Z5U=
-9,-3,c7H1dFcmSyPMvgpsnewhKGUP/KA=,UXJqLjcx4QwGUnlpo7Y6vC8Ru28=
-9,-2,c7H1dFcmSyPMvgpsnewhKGUP/KA=,392V9Gty+mZPoxpnOCq9Kzpz87c=
-8,-2,c7H1dFcmSyPMvgpsnewhKGUP/KA=,m/QStX50ZpQLdwhWHZmMT+3gECg=
-8,-3,c7H1dFcmSyPMvgpsnewhKGUP/KA=,+qU9cjRcZ5zg7uT2+VXwLMSdZ90=
-8,-4,8MvQpgMEsApZaO2CcFqHSrShRas=,+qU9cjRcZ5zg7uT2+VXwLMSdZ90=
-9,-4,8MvQpgMEsApZaO2CcFqHSrShRas=,UXJqLjcx4QwGUnlpo7Y6vC8Ru28=
-9,-5,8MvQpgMEsApZaO2CcFqHSrShRas=,9JYsCzk5P+OpFo50gMRJ21+ICyo=
-8,-5,8MvQpgMEsApZaO2CcFqHSrShRas=,cXPkGwtiXyk0/0rP1yfNC6eWWks=
-6,-4,PF7DzxqCmU/zq6cGaeyDlvjJiKI=,M5H1Wia/LJ6Jz6ePAmZFJ4ACObQ=
-7,-4,PF7DzxqCmU/zq6cGaeyDlvjJiKI=,+qU9cjRcZ5zg7uT2+VXwLMSdZ90=
-7,-5,PF7DzxqCmU/zq6cGaeyDlvjJiKI=,cXPkGwtiXyk0/0rP1yfNC6eWWks=
-6,-5,PF7DzxqCmU/zq6cGaeyDlvjJiKI=,TBhsGhcEV+h7tLqXYwRqpgdxPBk=
-7,-3,2S4c5gaPeNQ+2E2gw0mtDxBP4no=,+qU9cjRcZ5zg7uT2+VXwLMSdZ90=
-7,-2,2S4c5gaPeNQ+2E2gw0mtDxBP4no=,m/QStX50ZpQLdwhWHZmMT+3gECg=
-6,-3,2S4c5gaPeNQ+2E2gw0mtDxBP4no=,M5H1Wia/LJ6Jz6ePAmZFJ4ACObQ=
-6,-2,2S4c5gaPeNQ+2E2gw0mtDxBP4no=,P9jqKxw/iBFWVmdSqpUkNM9SfbE=
-5,-9,cLgNzKbdfzKQYpUjPo8CpzILVeA=,61JAYXhmhSGZYjV79HOYWQ+mmE0=
-4,-9,cLgNzKbdfzKQYpUjPo8CpzILVeA=,JEPnYwipM7MuMT7pORYFU6mfupw=
-4,-8,cLgNzKbdfzKQYpUjPo8CpzILVeA=,ufviS5C4DHzZ7kZaL1udf+x9NpI=
-5,-8,cLgNzKbdfzKQYpUjPo8CpzILVeA=,CXTqD63g4EZFj1LhUTOZ3SdETsQ=
-4,-6,wnb3/NBAJMly8c76NxU15XzBOUk=,OAuJXSUaqqW2I0GjJ+Xr//pV35E=
-5,-6,wnb3/NBAJMly8c76NxU15XzBOUk=,TBhsGhcEV+h7tLqXYwRqpgdxPBk=
-4,-7,wnb3/NBAJMly8c76NxU15XzBOUk=,ufviS5C4DHzZ7kZaL1udf+x9NpI=
-5,-7,wnb3/NBAJMly8c76NxU15XzBOUk=,CXTqD63g4EZFj1LhUTOZ3SdETsQ=
-5,-4,dcGbv5WaJaBiMxUpw1Xtyg2s7M4=,M5H1Wia/LJ6Jz6ePAmZFJ4ACObQ=
-5,-5,dcGbv5WaJaBiMxUpw1Xtyg2s7M4=,TBhsGhcEV+h7tLqXYwRqpgdxPBk=
-4,-5,dcGbv5WaJaBiMxUpw1Xtyg2s7M4=,OAuJXSUaqqW2I0GjJ+Xr//pV35E=
-4,-4,dcGbv5WaJaBiMxUpw1Xtyg2s7M4=,zg/uf+szokSZRHD9JKKp0svw6Ts=
-5,-3,oW+5Dzu/Y63hv7e8Y0pW/cpn+Bw=,M5H1Wia/LJ6Jz6ePAmZFJ4ACObQ=
-5,-2,oW+5Dzu/Y63hv7e8Y0pW/cpn+Bw=,P9jqKxw/iBFWVmdSqpUkNM9SfbE=
-4,-3,oW+5Dzu/Y63hv7e8Y0pW/cpn+Bw=,zg/uf+szokSZRHD9JKKp0svw6Ts=
-4,-2,oW+5Dzu/Y63hv7e8Y0pW/cpn+Bw=,sPC0DARXFSh6tEn0aGLyPrjw7i4=
-3,-6,7a8M5AeR6x2BCN/S88MgOl03RyQ=,OAuJXSUaqqW2I0GjJ+Xr//pV35E=
-2,-6,7a8M5AeR6x2BCN/S88MgOl03RyQ=,XxaKhiJPQHNuc9xWk8QpILF04hc=
-3,-7,7a8M5AeR6x2BCN/S88MgOl03RyQ=,ufviS5C4DHzZ7kZaL1udf+x9NpI=
-2,-7,7a8M5AeR6x2BCN/S88MgOl03RyQ=,IJcYvzq31qf2OqameWbyBx9WK/o=
-2,-5,J3pZwGGsCOB6MaYPWajv2b0Bw7E=,XxaKhiJPQHNuc9xWk8QpILF04hc=
-3,-4,J3pZwGGsCOB6MaYPWajv2b0Bw7E=,zg/uf+szokSZRHD9JKKp0svw6Ts=
-3,-5,J3pZwGGsCOB6MaYPWajv2b0Bw7E=,OAuJXSUaqqW2I0GjJ+Xr//pV35E=
-2,-4,J3pZwGGsCOB6MaYPWajv2b0Bw7E=,MqtdAO7SqCbUiOpXEU+ZeGBH4Kc=
-1,-7,mNBQHuvrL4HdokW+taX8WW01g3k=,IJcYvzq31qf2OqameWbyBx9WK/o=
-1,-6,mNBQHuvrL4HdokW+taX8WW01g3k=,XxaKhiJPQHNuc9xWk8QpILF04hc=
-1,-4,9b88vIdSS3bwb7TdrqYo8w8Y4ZM=,MqtdAO7SqCbUiOpXEU+ZeGBH4Kc=
-1,-5,9b88vIdSS3bwb7TdrqYo8w8Y4ZM=,XxaKhiJPQHNuc9xWk8QpILF04hc=
-3,-3,9b88vIdSS3bwb7TdrqYo8w8Y4ZM=,zg/uf+szokSZRHD9JKKp0svw6Ts=
-3,-2,9b88vIdSS3bwb7TdrqYo8w8Y4ZM=,sPC0DARXFSh6tEn0aGLyPrjw7i4=
-3,-1,9b88vIdSS3bwb7TdrqYo8w8Y4ZM=,sPC0DARXFSh6tEn0aGLyPrjw7i4=
-1,-2,9b88vIdSS3bwb7TdrqYo8w8Y4ZM=,oBMbKiUKt6To1FX6MGCbw3WgoiM=
-2,-3,9b88vIdSS3bwb7TdrqYo8w8Y4ZM=,MqtdAO7SqCbUiOpXEU+ZeGBH4Kc=
-2,-1,9b88vIdSS3bwb7TdrqYo8w8Y4ZM=,oBMbKiUKt6To1FX6MGCbw3WgoiM=
-2,-2,9b88vIdSS3bwb7TdrqYo8w8Y4ZM=,oBMbKiUKt6To1FX6MGCbw3WgoiM=
-1,-3,9b88vIdSS3bwb7TdrqYo8w8Y4ZM=,MqtdAO7SqCbUiOpXEU+ZeGBH4Kc=
-1,-15,PPbQml7cHHs2wtcM52csdI5ca2Q=,jHmBuYDetSn8M6djv0M0NrakLl0=
-1,-14,PPbQml7cHHs2wtcM52csdI5ca2Q=,na/TYuBkOzZlpohtuIAAKmHuh8A=
-1,-8,PPbQml7cHHs2wtcM52csdI5ca2Q=,IJcYvzq31qf2OqameWbyBx9WK/o=
-1,-9,PPbQml7cHHs2wtcM52csdI5ca2Q=,mR3B0hClrwtghxPZHfRlGF1z23k=
-3,-8,PPbQml7cHHs2wtcM52csdI5ca2Q=,ufviS5C4DHzZ7kZaL1udf+x9NpI=
-3,-9,PPbQml7cHHs2wtcM52csdI5ca2Q=,JEPnYwipM7MuMT7pORYFU6mfupw=
-2,-9,PPbQml7cHHs2wtcM52csdI5ca2Q=,mR3B0hClrwtghxPZHfRlGF1z23k=
-2,-8,PPbQml7cHHs2wtcM52csdI5ca2Q=,IJcYvzq31qf2OqameWbyBx9WK/o=
-3,-16,PPbQml7cHHs2wtcM52csdI5ca2Q=,V39+zt/RHoezEu+4G5CspTHco5E=
-2,-16,PPbQml7cHHs2wtcM52csdI5ca2Q=,jHmBuYDetSn8M6djv0M0NrakLl0=
-5,-16,PPbQml7cHHs2wtcM52csdI5ca2Q=,0T1YLXgi7rFQWPzVdm685nG5cZw=
-4,-16,PPbQml7cHHs2wtcM52csdI5ca2Q=,V39+zt/RHoezEu+4G5CspTHco5E=
-6,-16,PPbQml7cHHs2wtcM52csdI5ca2Q=,0T1YLXgi7rFQWPzVdm685nG5cZw=
-7,-16,PPbQml7cHHs2wtcM52csdI5ca2Q=,L0ioyhuhyI2JSdCfneKzH3cXx4A=
-8,-16,chnqxmZUnL1PsoVZo7rt+NZozC4=,L0ioyhuhyI2JSdCfneKzH3cXx4A=
-9,-16,chnqxmZUnL1PsoVZo7rt+NZozC4=,CKnA8KywJii1dQQmg9u+H2PZ86I=
-10,-16,chnqxmZUnL1PsoVZo7rt+NZozC4=,CKnA8KywJii1dQQmg9u+H2PZ86I=
-11,-16,chnqxmZUnL1PsoVZo7rt+NZozC4=,F/2zcB0XH+d+jRiHS74Cc8HXmO8=
-12,-16,chnqxmZUnL1PsoVZo7rt+NZozC4=,F/2zcB0XH+d+jRiHS74Cc8HXmO8=
-13,-16,chnqxmZUnL1PsoVZo7rt+NZozC4=,SoYIgTtUjU3jqZLeJbE+8PAaULI=
-14,-16,OnhLl9sWvM2AmaOxQKouaQNV94o=,SoYIgTtUjU3jqZLeJbE+8PAaULI=
-15,-16,OnhLl9sWvM2AmaOxQKouaQNV94o=,SJsBOCl5KYxD2kz2mdRhJETQcL8=
-16,-16,OnhLl9sWvM2AmaOxQKouaQNV94o=,SJsBOCl5KYxD2kz2mdRhJETQcL8=
-16,-14,OnhLl9sWvM2AmaOxQKouaQNV94o=,Gb7+wyoAtmT9E6nsYrtjBwpHfug=
-16,-15,OnhLl9sWvM2AmaOxQKouaQNV94o=,SJsBOCl5KYxD2kz2mdRhJETQcL8=
-13,-1,OnhLl9sWvM2AmaOxQKouaQNV94o=,DNNQDazvJG+0i2TuOh+72E67Vzg=
-12,-1,OnhLl9sWvM2AmaOxQKouaQNV94o=,lHxh+5dl1M4P2ckVSEOL1kM6Z5U=
-10,-1,EtA7/vSwfNDXNqBLAi7lT7JFpDQ=,392V9Gty+mZPoxpnOCq9Kzpz87c=
-11,-1,EtA7/vSwfNDXNqBLAi7lT7JFpDQ=,lHxh+5dl1M4P2ckVSEOL1kM6Z5U=
-16,-1,EtA7/vSwfNDXNqBLAi7lT7JFpDQ=,ZkOZAPTE/VXRmqxAkC70/Z324n4=
-8,-1,pDX2Jaane6KgYxvFBRTnWvXid8U=,m/QStX50ZpQLdwhWHZmMT+3gECg=
-9,-1,pDX2Jaane6KgYxvFBRTnWvXid8U=,392V9Gty+mZPoxpnOCq9Kzpz87c=
-1,-16,pDX2Jaane6KgYxvFBRTnWvXid8U=,jHmBuYDetSn8M6djv0M0NrakLl0=
-1,-1,CHm4rVYrHTMSugZY+HfzcHiHHZs=,oBMbKiUKt6To1FX6MGCbw3WgoiM=
-6,-1,CHm4rVYrHTMSugZY+HfzcHiHHZs=,P9jqKxw/iBFWVmdSqpUkNM9SfbE=
-7,-1,CHm4rVYrHTMSugZY+HfzcHiHHZs=,m/QStX50ZpQLdwhWHZmMT+3gECg=
-5,-1,CHm4rVYrHTMSugZY+HfzcHiHHZs=,P9jqKxw/iBFWVmdSqpUkNM9SfbE=
-4,-1,CHm4rVYrHTMSugZY+HfzcHiHHZs=,sPC0DARXFSh6tEn0aGLyPrjw7i4=
-1,-11,k5z9nIlYb8IM4A6RGl4YYAcrBEc=,ZT+pQsmnFeJkTpOjAxgwqtx4Eag=
-2,-10,k5z9nIlYb8IM4A6RGl4YYAcrBEc=,mR3B0hClrwtghxPZHfRlGF1z23k=
-1,-10,k5z9nIlYb8IM4A6RGl4YYAcrBEc=,mR3B0hClrwtghxPZHfRlGF1z23k=
-3,-11,k5z9nIlYb8IM4A6RGl4YYAcrBEc=,fCYI+czBHUhBCBw4GxZsrt/KUCw=
-2,-12,k5z9nIlYb8IM4A6RGl4YYAcrBEc=,ZT+pQsmnFeJkTpOjAxgwqtx4Eag=
-3,-13,k5z9nIlYb8IM4A6RGl4YYAcrBEc=,O3h0RnNDKx2maQ2CyxOBA9/Cpxc=
-1,-13,k5z9nIlYb8IM4A6RGl4YYAcrBEc=,na/TYuBkOzZlpohtuIAAKmHuh8A=
-3,-12,k5z9nIlYb8IM4A6RGl4YYAcrBEc=,fCYI+czBHUhBCBw4GxZsrt/KUCw=
-1,-12,k5z9nIlYb8IM4A6RGl4YYAcrBEc=,ZT+pQsmnFeJkTpOjAxgwqtx4Eag=
-2,-13,k5z9nIlYb8IM4A6RGl4YYAcrBEc=,na/TYuBkOzZlpohtuIAAKmHuh8A=
-2,-11,k5z9nIlYb8IM4A6RGl4YYAcrBEc=,ZT+pQsmnFeJkTpOjAxgwqtx4Eag=
-3,-10,k5z9nIlYb8IM4A6RGl4YYAcrBEc=,JEPnYwipM7MuMT7pORYFU6mfupw=
-8,-7,6+/spFjEn5vuubM6JVHyUGSOizg=,8+BHVcHWbWET4pWA+9NFbL+E2jg=
-9,-6,6+/spFjEn5vuubM6JVHyUGSOizg=,9JYsCzk5P+OpFo50gMRJ21+ICyo=
-6,-9,l1/OZNxHf6TZwLJY/K33imqZ/38=,61JAYXhmhSGZYjV79HOYWQ+mmE0=
-7,-8,l1/OZNxHf6TZwLJY/K33imqZ/38=,8+BHVcHWbWET4pWA+9NFbL+E2jg=
-9,-8,l1/OZNxHf6TZwLJY/K33imqZ/38=,YbFgg1haowt2+JnOR6xFiO/Kd5M=
-9,-7,l1/OZNxHf6TZwLJY/K33imqZ/38=,YbFgg1haowt2+JnOR6xFiO/Kd5M=
-9,-9,l1/OZNxHf6TZwLJY/K33imqZ/38=,KGTk+60KWTvcIYimVW4vrLubGmk=
-6,-7,l1/OZNxHf6TZwLJY/K33imqZ/38=,CXTqD63g4EZFj1LhUTOZ3SdETsQ=
-7,-9,l1/OZNxHf6TZwLJY/K33imqZ/38=,dI7VPYe29wE+d7BLZViFaV7be8E=
-8,-9,l1/OZNxHf6TZwLJY/K33imqZ/38=,dI7VPYe29wE+d7BLZViFaV7be8E=
-8,-8,l1/OZNxHf6TZwLJY/K33imqZ/38=,8+BHVcHWbWET4pWA+9NFbL+E2jg=
-6,-8,l1/OZNxHf6TZwLJY/K33imqZ/38=,CXTqD63g4EZFj1LhUTOZ3SdETsQ=
-7,-7,l1/OZNxHf6TZwLJY/K33imqZ/38=,8+BHVcHWbWET4pWA+9NFbL+E2jg=
-8,-6,l1/OZNxHf6TZwLJY/K33imqZ/38=,cXPkGwtiXyk0/0rP1yfNC6eWWks=
-7,-6,l1/OZNxHf6TZwLJY/K33imqZ/38=,cXPkGwtiXyk0/0rP1yfNC6eWWks=
-6,-6,l1/OZNxHf6TZwLJY/K33imqZ/38=,TBhsGhcEV+h7tLqXYwRqpgdxPBk=
-9,-27,hciVndZ1Rhw+kQHtiGSYjX39tro=,nTFcI2OSpOLvcWfzGmGW+irEkZ8=
-8,-27,hciVndZ1Rhw+kQHtiGSYjX39tro=,zE4cqBOFam4BvmehiWz6DF7CQZE=
-9,-26,hciVndZ1Rhw+kQHtiGSYjX39tro=,28IoV4ia2lyDYf88NYdJW0rgdYE=
-8,-26,hciVndZ1Rhw+kQHtiGSYjX39tro=,dnTmQn+hlv0kj2Sg7X1vRk4GIDw=
-11,-26,c9GYSbEyvV45nmRge8wMOFP/EOk=,IXfDpgTSqriGEykgS2OcSTFBQ9g=
-10,-26,c9GYSbEyvV45nmRge8wMOFP/EOk=,28IoV4ia2lyDYf88NYdJW0rgdYE=
-11,-27,c9GYSbEyvV45nmRge8wMOFP/EOk=,4KDwYLtujwJmpFWMKfGuUzUWUdU=
-10,-27,c9GYSbEyvV45nmRge8wMOFP/EOk=,nTFcI2OSpOLvcWfzGmGW+irEkZ8=
-13,-26,St8jQLix/MAVBO72EyDLo05pSOU=,9jD8WjX+4k1viF+aEkTWuhRwdNI=
-12,-26,St8jQLix/MAVBO72EyDLo05pSOU=,IXfDpgTSqriGEykgS2OcSTFBQ9g=
-12,-27,St8jQLix/MAVBO72EyDLo05pSOU=,4KDwYLtujwJmpFWMKfGuUzUWUdU=
-13,-27,St8jQLix/MAVBO72EyDLo05pSOU=,VU3GtmGNnfMQJWxt24Ve3iVWCjQ=
-15,-28,98QBZyXop+JyGWMm1C5Y48rAnO0=,77gGNwRSAyHTntKEzcJiRopXECs=
-14,-28,98QBZyXop+JyGWMm1C5Y48rAnO0=,VU3GtmGNnfMQJWxt24Ve3iVWCjQ=
-15,-29,98QBZyXop+JyGWMm1C5Y48rAnO0=,O8qNotkjZ3lAkQ18qiq/zLroW0g=
-14,-29,98QBZyXop+JyGWMm1C5Y48rAnO0=,NzwaOZVvwYrmTaYydySnGI9YMeM=
-14,-31,V3j+8ZAszL3vE2o7a/3CbdzoofU=,y/UE4eykpvLiF1dF8ICHqUQJz5k=
-15,-31,V3j+8ZAszL3vE2o7a/3CbdzoofU=,SSUUzQlCglrx1FPM6UVW6FLpxo4=
-14,-30,V3j+8ZAszL3vE2o7a/3CbdzoofU=,NzwaOZVvwYrmTaYydySnGI9YMeM=
-15,-30,V3j+8ZAszL3vE2o7a/3CbdzoofU=,O8qNotkjZ3lAkQ18qiq/zLroW0g=
-13,-31,Ed0tJ4lBAA5T+q3acCH4GGEamYk=,y/UE4eykpvLiF1dF8ICHqUQJz5k=
-13,-28,Ed0tJ4lBAA5T+q3acCH4GGEamYk=,VU3GtmGNnfMQJWxt24Ve3iVWCjQ=
-12,-29,Ed0tJ4lBAA5T+q3acCH4GGEamYk=,oLvdqE2CoONa/CKNhDRjxvhxwYw=
-13,-29,Ed0tJ4lBAA5T+q3acCH4GGEamYk=,NzwaOZVvwYrmTaYydySnGI9YMeM=
-13,-30,Ed0tJ4lBAA5T+q3acCH4GGEamYk=,NzwaOZVvwYrmTaYydySnGI9YMeM=
-12,-31,Ed0tJ4lBAA5T+q3acCH4GGEamYk=,B7JB6/AJqpDWENPErlGDYn544Zg=
-12,-30,Ed0tJ4lBAA5T+q3acCH4GGEamYk=,oLvdqE2CoONa/CKNhDRjxvhxwYw=
-12,-28,Ed0tJ4lBAA5T+q3acCH4GGEamYk=,4KDwYLtujwJmpFWMKfGuUzUWUdU=
-10,-29,gEJjxKzckM8XVKqck9cZ4fMdGkg=,JXqi/b5Bh1kCzKM5Hq4JUMQXrFc=
-11,-29,gEJjxKzckM8XVKqck9cZ4fMdGkg=,oLvdqE2CoONa/CKNhDRjxvhxwYw=
-11,-28,gEJjxKzckM8XVKqck9cZ4fMdGkg=,4KDwYLtujwJmpFWMKfGuUzUWUdU=
-10,-28,gEJjxKzckM8XVKqck9cZ4fMdGkg=,nTFcI2OSpOLvcWfzGmGW+irEkZ8=
-10,-31,mad85P2JuqkZzMhEcPXot0vqxhA=,gbypHvO03FoYGAJvwo2DvOj50+s=
-10,-30,mad85P2JuqkZzMhEcPXot0vqxhA=,JXqi/b5Bh1kCzKM5Hq4JUMQXrFc=
-11,-31,mad85P2JuqkZzMhEcPXot0vqxhA=,B7JB6/AJqpDWENPErlGDYn544Zg=
-11,-30,mad85P2JuqkZzMhEcPXot0vqxhA=,oLvdqE2CoONa/CKNhDRjxvhxwYw=
-9,-31,VNEVsLslvrPQWRHHhErapxWw6Aw=,gbypHvO03FoYGAJvwo2DvOj50+s=
-8,-31,VNEVsLslvrPQWRHHhErapxWw6Aw=,lKSWRMDu8F+SJU50fZf0Vqdz5Hc=
-9,-30,VNEVsLslvrPQWRHHhErapxWw6Aw=,JXqi/b5Bh1kCzKM5Hq4JUMQXrFc=
-9,-28,VNEVsLslvrPQWRHHhErapxWw6Aw=,nTFcI2OSpOLvcWfzGmGW+irEkZ8=
-8,-30,VNEVsLslvrPQWRHHhErapxWw6Aw=,yubS22k20H7ssAmXrzGQ4Kli0Ns=
-8,-29,VNEVsLslvrPQWRHHhErapxWw6Aw=,yubS22k20H7ssAmXrzGQ4Kli0Ns=
-9,-29,VNEVsLslvrPQWRHHhErapxWw6Aw=,JXqi/b5Bh1kCzKM5Hq4JUMQXrFc=
-8,-28,VNEVsLslvrPQWRHHhErapxWw6Aw=,zE4cqBOFam4BvmehiWz6DF7CQZE=
-7,-31,ANzbws1GxvANSLgOiyo9pBqHwO0=,lKSWRMDu8F+SJU50fZf0Vqdz5Hc=
-6,-31,ANzbws1GxvANSLgOiyo9pBqHwO0=,au7B1QDtMscISXA9zFt7ca+9KuA=
-7,-30,ANzbws1GxvANSLgOiyo9pBqHwO0=,yubS22k20H7ssAmXrzGQ4Kli0Ns=
-6,-30,ANzbws1GxvANSLgOiyo9pBqHwO0=,z6DSmQBfOUYdwe9eZKI259aK9zI=
-4,-31,Ii+3gW1FIQPxl2RMLVX0qOeT+/I=,2bn6VlE/HXkukgEvPctiwKbt6Ao=
-5,-31,Ii+3gW1FIQPxl2RMLVX0qOeT+/I=,au7B1QDtMscISXA9zFt7ca+9KuA=
-5,-30,Ii+3gW1FIQPxl2RMLVX0qOeT+/I=,z6DSmQBfOUYdwe9eZKI259aK9zI=
-4,-30,Ii+3gW1FIQPxl2RMLVX0qOeT+/I=,AQqFOq+GP/S1fhLOblvMALBzPVk=
-2,-31,mMzOUDe3sHckRxXdgVTqIQiIdfs=,b+JDyf+orlbkbWw6bZruLa7aYv4=
-3,-31,mMzOUDe3sHckRxXdgVTqIQiIdfs=,2bn6VlE/HXkukgEvPctiwKbt6Ao=
-3,-30,mMzOUDe3sHckRxXdgVTqIQiIdfs=,AQqFOq+GP/S1fhLOblvMALBzPVk=
-2,-30,mMzOUDe3sHckRxXdgVTqIQiIdfs=,kMktD9cI6tyZUVuO6XTfIu6AxGs=
-2,-28,fdoR/ffwLzS5lR4NuznZTTDl9Gw=,XjXquebybV+jelZxVEDedR8hbPI=
-3,-29,fdoR/ffwLzS5lR4NuznZTTDl9Gw=,AQqFOq+GP/S1fhLOblvMALBzPVk=
-2,-29,fdoR/ffwLzS5lR4NuznZTTDl9Gw=,kMktD9cI6tyZUVuO6XTfIu6AxGs=
-3,-28,fdoR/ffwLzS5lR4NuznZTTDl9Gw=,hHu3tHCaKpHfco+VVfnLYKnn4vw=
-3,-27,F7xpxDnzA3diEaG3sq3WVg78tcE=,hHu3tHCaKpHfco+VVfnLYKnn4vw=
-2,-26,F7xpxDnzA3diEaG3sq3WVg78tcE=,6qKhK7fE1lI6SJI8y9RwIYMBEYQ=
-2,-27,F7xpxDnzA3diEaG3sq3WVg78tcE=,XjXquebybV+jelZxVEDedR8hbPI=
-3,-26,F7xpxDnzA3diEaG3sq3WVg78tcE=,RdnZYZcbtM3XDq9tBbOFUgbwFgw=
-3,-25,lcEvJoAxxO0Cs3RGp+YXX3HKvos=,RdnZYZcbtM3XDq9tBbOFUgbwFgw=
-2,-25,lcEvJoAxxO0Cs3RGp+YXX3HKvos=,6qKhK7fE1lI6SJI8y9RwIYMBEYQ=
-2,-24,lcEvJoAxxO0Cs3RGp+YXX3HKvos=,GSyCN9eb62ga+NHR0NMsoU4UwdQ=
-3,-24,lcEvJoAxxO0Cs3RGp+YXX3HKvos=,e/Vn8Aybbb4w6/7qLWHilK4Jb+E=
-6,-23,yKHoTXJXxAyfCUDqe2YzolN1TVQ=,my8AmlyVyYNJYa9ZNBLOMEszOu0=
-7,-22,yKHoTXJXxAyfCUDqe2YzolN1TVQ=,waIU0Xf+IOopOGdTisgtGJQqI4E=
-6,-22,yKHoTXJXxAyfCUDqe2YzolN1TVQ=,O/WFRFVVr12T7JQtYoFEGfaIof8=
-7,-23,yKHoTXJXxAyfCUDqe2YzolN1TVQ=,YZ4XK77iSeYYmXxZf+HR1YIvBQU=
-9,-23,57nWgIvYJr1IL+nqzKMdxKx3y/Y=,1p29Kx8Bx/mMEjPNbLhPtnOpYlc=
-8,-24,57nWgIvYJr1IL+nqzKMdxKx3y/Y=,YZ4XK77iSeYYmXxZf+HR1YIvBQU=
-9,-24,57nWgIvYJr1IL+nqzKMdxKx3y/Y=,1p29Kx8Bx/mMEjPNbLhPtnOpYlc=
-9,-22,57nWgIvYJr1IL+nqzKMdxKx3y/Y=,cxvge0iVFXRVNHyEe+7CtuiBrDU=
-8,-23,57nWgIvYJr1IL+nqzKMdxKx3y/Y=,YZ4XK77iSeYYmXxZf+HR1YIvBQU=
-9,-25,57nWgIvYJr1IL+nqzKMdxKx3y/Y=,28IoV4ia2lyDYf88NYdJW0rgdYE=
-8,-22,57nWgIvYJr1IL+nqzKMdxKx3y/Y=,waIU0Xf+IOopOGdTisgtGJQqI4E=
-8,-25,57nWgIvYJr1IL+nqzKMdxKx3y/Y=,dnTmQn+hlv0kj2Sg7X1vRk4GIDw=
-8,-21,PQAxW4ELDpN1k5pbRfQT9HPb7B0=,waIU0Xf+IOopOGdTisgtGJQqI4E=
-9,-21,PQAxW4ELDpN1k5pbRfQT9HPb7B0=,cxvge0iVFXRVNHyEe+7CtuiBrDU=
-9,-20,PQAxW4ELDpN1k5pbRfQT9HPb7B0=,3fnjlz/geBaHHGCGa1tDTS9h5DE=
-8,-20,PQAxW4ELDpN1k5pbRfQT9HPb7B0=,HC568MEpZglPEik+vQ+f0vbr7gk=
-7,-21,If1Gu1YzaPjS9SenaiQnC3qNTyo=,waIU0Xf+IOopOGdTisgtGJQqI4E=
-6,-20,If1Gu1YzaPjS9SenaiQnC3qNTyo=,xzaweiTBLdOL6j54/wNOBe6/JXM=
-7,-20,If1Gu1YzaPjS9SenaiQnC3qNTyo=,HC568MEpZglPEik+vQ+f0vbr7gk=
-6,-21,If1Gu1YzaPjS9SenaiQnC3qNTyo=,O/WFRFVVr12T7JQtYoFEGfaIof8=
-4,-21,wuu2BSAO0oj5EmKrGqvOlbWXELo=,2H8QmYb2OXn0AqKrwq+gJZ3bd/U=
-5,-20,wuu2BSAO0oj5EmKrGqvOlbWXELo=,xzaweiTBLdOL6j54/wNOBe6/JXM=
-5,-21,wuu2BSAO0oj5EmKrGqvOlbWXELo=,O/WFRFVVr12T7JQtYoFEGfaIof8=
-4,-22,wuu2BSAO0oj5EmKrGqvOlbWXELo=,2H8QmYb2OXn0AqKrwq+gJZ3bd/U=
-5,-22,wuu2BSAO0oj5EmKrGqvOlbWXELo=,O/WFRFVVr12T7JQtYoFEGfaIof8=
-4,-20,wuu2BSAO0oj5EmKrGqvOlbWXELo=,l5Ap3eL3U9Orra2GpEhOb0qmV2M=
-4,-23,wuu2BSAO0oj5EmKrGqvOlbWXELo=,e/Vn8Aybbb4w6/7qLWHilK4Jb+E=
-5,-23,wuu2BSAO0oj5EmKrGqvOlbWXELo=,my8AmlyVyYNJYa9ZNBLOMEszOu0=
-2,-22,hfSJ/NcunDfKFdZhFelll38/9dw=,NlfwD3SevQHJSUJqj5XpGHk3fb8=
-3,-22,hfSJ/NcunDfKFdZhFelll38/9dw=,2H8QmYb2OXn0AqKrwq+gJZ3bd/U=
-2,-23,hfSJ/NcunDfKFdZhFelll38/9dw=,GSyCN9eb62ga+NHR0NMsoU4UwdQ=
-3,-23,hfSJ/NcunDfKFdZhFelll38/9dw=,e/Vn8Aybbb4w6/7qLWHilK4Jb+E=
-3,-21,KTI/QTfMtHBuh2pL4QV8uZcIXq4=,2H8QmYb2OXn0AqKrwq+gJZ3bd/U=
-2,-21,KTI/QTfMtHBuh2pL4QV8uZcIXq4=,NlfwD3SevQHJSUJqj5XpGHk3fb8=
-3,-20,KTI/QTfMtHBuh2pL4QV8uZcIXq4=,l5Ap3eL3U9Orra2GpEhOb0qmV2M=
-2,-20,KTI/QTfMtHBuh2pL4QV8uZcIXq4=,lFd1VjHINaSl7UliLT8Bj2maoEg=
-3,-19,qnqU1MkTMWdYFTkDWstrPPn0Img=,l5Ap3eL3U9Orra2GpEhOb0qmV2M=
-2,-19,qnqU1MkTMWdYFTkDWstrPPn0Img=,lFd1VjHINaSl7UliLT8Bj2maoEg=
-2,-18,qnqU1MkTMWdYFTkDWstrPPn0Img=,6ETG7JYHiH8oDTp5rO3dR+iNth0=
-3,-18,qnqU1MkTMWdYFTkDWstrPPn0Img=,XsjFKUz86YOvJOIPQ+drHqsfv5k=
-5,-18,NUoVwLexK8PrIzAPpXTeuAtihjk=,iqSi6l+VKcwW55mUkSAJhQ9u8NY=
-4,-18,NUoVwLexK8PrIzAPpXTeuAtihjk=,XsjFKUz86YOvJOIPQ+drHqsfv5k=
-4,-19,NUoVwLexK8PrIzAPpXTeuAtihjk=,l5Ap3eL3U9Orra2GpEhOb0qmV2M=
-5,-19,NUoVwLexK8PrIzAPpXTeuAtihjk=,xzaweiTBLdOL6j54/wNOBe6/JXM=
-6,-18,ELuWuDfJnLaVHmqkGvSKSgtZz/Q=,iqSi6l+VKcwW55mUkSAJhQ9u8NY=
-7,-18,ELuWuDfJnLaVHmqkGvSKSgtZz/Q=,/DyRT+dqGbLyqqn8K1gqZTR2EWQ=
-6,-19,ELuWuDfJnLaVHmqkGvSKSgtZz/Q=,xzaweiTBLdOL6j54/wNOBe6/JXM=
-7,-19,ELuWuDfJnLaVHmqkGvSKSgtZz/Q=,HC568MEpZglPEik+vQ+f0vbr7gk=
-8,-18,A0jbkl/VISJX5icNZq6XT6N1CAA=,/DyRT+dqGbLyqqn8K1gqZTR2EWQ=
-9,-19,A0jbkl/VISJX5icNZq6XT6N1CAA=,3fnjlz/geBaHHGCGa1tDTS9h5DE=
-8,-19,A0jbkl/VISJX5icNZq6XT6N1CAA=,HC568MEpZglPEik+vQ+f0vbr7gk=
-9,-18,A0jbkl/VISJX5icNZq6XT6N1CAA=,g7Pfo3/+Q0Hpymq+KaY5DHc4aWM=
-10,-19,+HYAQs0Miemn36J7nblr2IdL9NA=,3fnjlz/geBaHHGCGa1tDTS9h5DE=
-11,-19,+HYAQs0Miemn36J7nblr2IdL9NA=,S1nIhLZXER3FWX5AzBP7NuOevpc=
-11,-18,+HYAQs0Miemn36J7nblr2IdL9NA=,AEn387wQzvJPA61cCgcmE/ZomXo=
-10,-18,+HYAQs0Miemn36J7nblr2IdL9NA=,g7Pfo3/+Q0Hpymq+KaY5DHc4aWM=
-12,-18,zcPldCUiVho3tsRf7hFFTT7O0HU=,AEn387wQzvJPA61cCgcmE/ZomXo=
-12,-19,zcPldCUiVho3tsRf7hFFTT7O0HU=,S1nIhLZXER3FWX5AzBP7NuOevpc=
-13,-19,zcPldCUiVho3tsRf7hFFTT7O0HU=,tBjRsrj3Zibg2mnxzVOhSsO7vjg=
-13,-18,zcPldCUiVho3tsRf7hFFTT7O0HU=,5XJJayAzB7XoCOczw+SIyLcYEGQ=
-11,-21,2FJ6LeN/JhldWCf8naOawvuYdZQ=,v1RiC/0sVoLbNaulIm9exgOOuH8=
-10,-21,2FJ6LeN/JhldWCf8naOawvuYdZQ=,cxvge0iVFXRVNHyEe+7CtuiBrDU=
-10,-20,2FJ6LeN/JhldWCf8naOawvuYdZQ=,3fnjlz/geBaHHGCGa1tDTS9h5DE=
-12,-21,2FJ6LeN/JhldWCf8naOawvuYdZQ=,v1RiC/0sVoLbNaulIm9exgOOuH8=
-11,-20,2FJ6LeN/JhldWCf8naOawvuYdZQ=,S1nIhLZXER3FWX5AzBP7NuOevpc=
-13,-20,2FJ6LeN/JhldWCf8naOawvuYdZQ=,tBjRsrj3Zibg2mnxzVOhSsO7vjg=
-12,-20,2FJ6LeN/JhldWCf8naOawvuYdZQ=,S1nIhLZXER3FWX5AzBP7NuOevpc=
-13,-21,2FJ6LeN/JhldWCf8naOawvuYdZQ=,lia4sXYb9Nc0uFIrwiYfNTNCsk4=
-13,-23,r69RycWndzhibtJJjcsrxh5YLQw=,Cdbvr12Hu0Pr3JVn1IIy35RccrE=
-11,-23,r69RycWndzhibtJJjcsrxh5YLQw=,a5HwXOFErx1h0KQ7YwiDakvMrbQ=
-10,-24,r69RycWndzhibtJJjcsrxh5YLQw=,1p29Kx8Bx/mMEjPNbLhPtnOpYlc=
-12,-23,r69RycWndzhibtJJjcsrxh5YLQw=,a5HwXOFErx1h0KQ7YwiDakvMrbQ=
-10,-22,r69RycWndzhibtJJjcsrxh5YLQw=,cxvge0iVFXRVNHyEe+7CtuiBrDU=
-11,-24,r69RycWndzhibtJJjcsrxh5YLQw=,a5HwXOFErx1h0KQ7YwiDakvMrbQ=
-10,-25,r69RycWndzhibtJJjcsrxh5YLQw=,28IoV4ia2lyDYf88NYdJW0rgdYE=
-13,-25,r69RycWndzhibtJJjcsrxh5YLQw=,9jD8WjX+4k1viF+aEkTWuhRwdNI=
-12,-22,r69RycWndzhibtJJjcsrxh5YLQw=,v1RiC/0sVoLbNaulIm9exgOOuH8=
-11,-25,r69RycWndzhibtJJjcsrxh5YLQw=,IXfDpgTSqriGEykgS2OcSTFBQ9g=
-11,-22,r69RycWndzhibtJJjcsrxh5YLQw=,v1RiC/0sVoLbNaulIm9exgOOuH8=
-12,-24,r69RycWndzhibtJJjcsrxh5YLQw=,a5HwXOFErx1h0KQ7YwiDakvMrbQ=
-12,-25,r69RycWndzhibtJJjcsrxh5YLQw=,IXfDpgTSqriGEykgS2OcSTFBQ9g=
-13,-24,r69RycWndzhibtJJjcsrxh5YLQw=,Cdbvr12Hu0Pr3JVn1IIy35RccrE=
-13,-22,r69RycWndzhibtJJjcsrxh5YLQw=,lia4sXYb9Nc0uFIrwiYfNTNCsk4=
-10,-23,r69RycWndzhibtJJjcsrxh5YLQw=,1p29Kx8Bx/mMEjPNbLhPtnOpYlc=
-14,-22,xyEqfNOcJSPfwpSV6UEE4nUdsCE=,lia4sXYb9Nc0uFIrwiYfNTNCsk4=
-15,-23,xyEqfNOcJSPfwpSV6UEE4nUdsCE=,5Bgu9PzrfOuhHsK3CriRQBOidkQ=
-14,-23,xyEqfNOcJSPfwpSV6UEE4nUdsCE=,Cdbvr12Hu0Pr3JVn1IIy35RccrE=
-15,-22,xyEqfNOcJSPfwpSV6UEE4nUdsCE=,Wpff8KefSTjbmeDz60MYdRm3+OM=
-14,-24,hMW88FTHMDsyXLpRZBtvv0t9oOU=,Cdbvr12Hu0Pr3JVn1IIy35RccrE=
-15,-24,hMW88FTHMDsyXLpRZBtvv0t9oOU=,5Bgu9PzrfOuhHsK3CriRQBOidkQ=
-15,-25,hMW88FTHMDsyXLpRZBtvv0t9oOU=,C/BFowN4SjA7KpIG3hnYysH/LCk=
-15,-27,hMW88FTHMDsyXLpRZBtvv0t9oOU=,77gGNwRSAyHTntKEzcJiRopXECs=
-15,-26,hMW88FTHMDsyXLpRZBtvv0t9oOU=,C/BFowN4SjA7KpIG3hnYysH/LCk=
-14,-25,hMW88FTHMDsyXLpRZBtvv0t9oOU=,9jD8WjX+4k1viF+aEkTWuhRwdNI=
-14,-26,hMW88FTHMDsyXLpRZBtvv0t9oOU=,9jD8WjX+4k1viF+aEkTWuhRwdNI=
-14,-27,hMW88FTHMDsyXLpRZBtvv0t9oOU=,VU3GtmGNnfMQJWxt24Ve3iVWCjQ=
-12,-17,tQpnnVVV0lHtu9rVlCCWmAGSY8Y=,AEn387wQzvJPA61cCgcmE/ZomXo=
-13,-17,tQpnnVVV0lHtu9rVlCCWmAGSY8Y=,5XJJayAzB7XoCOczw+SIyLcYEGQ=
-10,-17,tQpnnVVV0lHtu9rVlCCWmAGSY8Y=,g7Pfo3/+Q0Hpymq+KaY5DHc4aWM=
-11,-17,tQpnnVVV0lHtu9rVlCCWmAGSY8Y=,AEn387wQzvJPA61cCgcmE/ZomXo=
-8,-17,NIIWGMlRJDTahHfFfNPl/87iajk=,/DyRT+dqGbLyqqn8K1gqZTR2EWQ=
-9,-17,NIIWGMlRJDTahHfFfNPl/87iajk=,g7Pfo3/+Q0Hpymq+KaY5DHc4aWM=
-6,-17,NIIWGMlRJDTahHfFfNPl/87iajk=,iqSi6l+VKcwW55mUkSAJhQ9u8NY=
-7,-17,NIIWGMlRJDTahHfFfNPl/87iajk=,/DyRT+dqGbLyqqn8K1gqZTR2EWQ=
-4,-17,Ui7pDCVIgOrA8m1gws5SvxEcjLk=,XsjFKUz86YOvJOIPQ+drHqsfv5k=
-2,-17,Ui7pDCVIgOrA8m1gws5SvxEcjLk=,6ETG7JYHiH8oDTp5rO3dR+iNth0=
-5,-17,Ui7pDCVIgOrA8m1gws5SvxEcjLk=,iqSi6l+VKcwW55mUkSAJhQ9u8NY=
-3,-17,Ui7pDCVIgOrA8m1gws5SvxEcjLk=,XsjFKUz86YOvJOIPQ+drHqsfv5k=
-1,-19,H0cY5SG6gNK/3zRTnKpafdPC5CU=,lFd1VjHINaSl7UliLT8Bj2maoEg=
-1,-18,H0cY5SG6gNK/3zRTnKpafdPC5CU=,6ETG7JYHiH8oDTp5rO3dR+iNth0=
-1,-21,omlJKz4gCxCgOIw8IRx+ftVDF4U=,NlfwD3SevQHJSUJqj5XpGHk3fb8=
-1,-20,omlJKz4gCxCgOIw8IRx+ftVDF4U=,lFd1VjHINaSl7UliLT8Bj2maoEg=
-1,-22,omlJKz4gCxCgOIw8IRx+ftVDF4U=,NlfwD3SevQHJSUJqj5XpGHk3fb8=
-1,-23,omlJKz4gCxCgOIw8IRx+ftVDF4U=,GSyCN9eb62ga+NHR0NMsoU4UwdQ=
-1,-25,Ke9JqwlOM/kryxaCwLyb/1Cv0Eo=,6qKhK7fE1lI6SJI8y9RwIYMBEYQ=
-1,-24,Ke9JqwlOM/kryxaCwLyb/1Cv0Eo=,GSyCN9eb62ga+NHR0NMsoU4UwdQ=
-1,-26,Ke9JqwlOM/kryxaCwLyb/1Cv0Eo=,6qKhK7fE1lI6SJI8y9RwIYMBEYQ=
-1,-27,Ke9JqwlOM/kryxaCwLyb/1Cv0Eo=,XjXquebybV+jelZxVEDedR8hbPI=
-1,-29,Wtoi4R+0Dz/g+hENikjlJ740OyI=,kMktD9cI6tyZUVuO6XTfIu6AxGs=
-1,-28,Wtoi4R+0Dz/g+hENikjlJ740OyI=,XjXquebybV+jelZxVEDedR8hbPI=
-1,-31,FTvslwpGeP4qYpIZWV1BqyBwIFk=,b+JDyf+orlbkbWw6bZruLa7aYv4=
-1,-30,FTvslwpGeP4qYpIZWV1BqyBwIFk=,kMktD9cI6tyZUVuO6XTfIu6AxGs=
-2,-32,a2u0rv5La9mJaV4LaZNpmHWEw3U=,b+JDyf+orlbkbWw6bZruLa7aYv4=
-3,-32,a2u0rv5La9mJaV4LaZNpmHWEw3U=,2bn6VlE/HXkukgEvPctiwKbt6Ao=
-5,-32,yg+zzxlz5X4nBxg+4F0pUkOQyjI=,au7B1QDtMscISXA9zFt7ca+9KuA=
-4,-32,yg+zzxlz5X4nBxg+4F0pUkOQyjI=,2bn6VlE/HXkukgEvPctiwKbt6Ao=
-7,-32,yg+zzxlz5X4nBxg+4F0pUkOQyjI=,lKSWRMDu8F+SJU50fZf0Vqdz5Hc=
-6,-32,yg+zzxlz5X4nBxg+4F0pUkOQyjI=,au7B1QDtMscISXA9zFt7ca+9KuA=
-8,-32,giPwzrbBzDq4EqS7pfEQers8TNQ=,lKSWRMDu8F+SJU50fZf0Vqdz5Hc=
-9,-32,giPwzrbBzDq4EqS7pfEQers8TNQ=,gbypHvO03FoYGAJvwo2DvOj50+s=
-10,-32,giPwzrbBzDq4EqS7pfEQers8TNQ=,gbypHvO03FoYGAJvwo2DvOj50+s=
-11,-32,giPwzrbBzDq4EqS7pfEQers8TNQ=,B7JB6/AJqpDWENPErlGDYn544Zg=
-13,-32,wYdUmDvaWdIgsongA4wIJ0HCvQ8=,y/UE4eykpvLiF1dF8ICHqUQJz5k=
-12,-32,wYdUmDvaWdIgsongA4wIJ0HCvQ8=,B7JB6/AJqpDWENPErlGDYn544Zg=
-14,-32,wYdUmDvaWdIgsongA4wIJ0HCvQ8=,y/UE4eykpvLiF1dF8ICHqUQJz5k=
-15,-32,wYdUmDvaWdIgsongA4wIJ0HCvQ8=,SSUUzQlCglrx1FPM6UVW6FLpxo4=
-16,-31,vPF0GdsqFcGG5JG8tOdFF3ODuBs=,SSUUzQlCglrx1FPM6UVW6FLpxo4=
-16,-30,vPF0GdsqFcGG5JG8tOdFF3ODuBs=,O8qNotkjZ3lAkQ18qiq/zLroW0g=
-16,-26,ikHXRKHjQObthj8yph9qHJvfeV4=,C/BFowN4SjA7KpIG3hnYysH/LCk=
-16,-29,ikHXRKHjQObthj8yph9qHJvfeV4=,O8qNotkjZ3lAkQ18qiq/zLroW0g=
-16,-28,ikHXRKHjQObthj8yph9qHJvfeV4=,77gGNwRSAyHTntKEzcJiRopXECs=
-16,-27,ikHXRKHjQObthj8yph9qHJvfeV4=,77gGNwRSAyHTntKEzcJiRopXECs=
-14,-21,CIgl3iPAt94fER0VWySnEc5FAGc=,lia4sXYb9Nc0uFIrwiYfNTNCsk4=
-15,-21,CIgl3iPAt94fER0VWySnEc5FAGc=,Wpff8KefSTjbmeDz60MYdRm3+OM=
-16,-21,CIgl3iPAt94fER0VWySnEc5FAGc=,Wpff8KefSTjbmeDz60MYdRm3+OM=
-14,-20,CIgl3iPAt94fER0VWySnEc5FAGc=,tBjRsrj3Zibg2mnxzVOhSsO7vjg=
-16,-20,CIgl3iPAt94fER0VWySnEc5FAGc=,vYbehbe28s2wFFXxkPIq9QZAphM=
-15,-20,CIgl3iPAt94fER0VWySnEc5FAGc=,vYbehbe28s2wFFXxkPIq9QZAphM=
-16,-25,fSCtZxBr/EiLYDTfHl7L9zN9o5M=,C/BFowN4SjA7KpIG3hnYysH/LCk=
-16,-24,fSCtZxBr/EiLYDTfHl7L9zN9o5M=,5Bgu9PzrfOuhHsK3CriRQBOidkQ=
-16,-23,fSCtZxBr/EiLYDTfHl7L9zN9o5M=,5Bgu9PzrfOuhHsK3CriRQBOidkQ=
-16,-22,fSCtZxBr/EiLYDTfHl7L9zN9o5M=,Wpff8KefSTjbmeDz60MYdRm3+OM=
-1,-32,fSCtZxBr/EiLYDTfHl7L9zN9o5M=,b+JDyf+orlbkbWw6bZruLa7aYv4=
-1,-17,fSCtZxBr/EiLYDTfHl7L9zN9o5M=,6ETG7JYHiH8oDTp5rO3dR+iNth0=
-16,-32,fSCtZxBr/EiLYDTfHl7L9zN9o5M=,SSUUzQlCglrx1FPM6UVW6FLpxo4=
-14,-18,nFrSJcOALxQldDHzmM6eICCte/8=,5XJJayAzB7XoCOczw+SIyLcYEGQ=
-15,-19,nFrSJcOALxQldDHzmM6eICCte/8=,vYbehbe28s2wFFXxkPIq9QZAphM=
-14,-19,nFrSJcOALxQldDHzmM6eICCte/8=,tBjRsrj3Zibg2mnxzVOhSsO7vjg=
-15,-17,nFrSJcOALxQldDHzmM6eICCte/8=,pYXRsmt25R/EwCaoRvsPfo/02do=
-16,-19,nFrSJcOALxQldDHzmM6eICCte/8=,vYbehbe28s2wFFXxkPIq9QZAphM=
-14,-17,nFrSJcOALxQldDHzmM6eICCte/8=,5XJJayAzB7XoCOczw+SIyLcYEGQ=
-16,-18,nFrSJcOALxQldDHzmM6eICCte/8=,pYXRsmt25R/EwCaoRvsPfo/02do=
-16,-17,nFrSJcOALxQldDHzmM6eICCte/8=,pYXRsmt25R/EwCaoRvsPfo/02do=
-15,-18,nFrSJcOALxQldDHzmM6eICCte/8=,pYXRsmt25R/EwCaoRvsPfo/02do=
-5,-28,dLE0lDNjaejlgjVN03L7qEH5SdU=,9LVFC9eTazyKCuEEQdSw7G/7Qac=
-6,-28,dLE0lDNjaejlgjVN03L7qEH5SdU=,9LVFC9eTazyKCuEEQdSw7G/7Qac=
-4,-29,dLE0lDNjaejlgjVN03L7qEH5SdU=,AQqFOq+GP/S1fhLOblvMALBzPVk=
-7,-28,dLE0lDNjaejlgjVN03L7qEH5SdU=,zE4cqBOFam4BvmehiWz6DF7CQZE=
-4,-28,dLE0lDNjaejlgjVN03L7qEH5SdU=,hHu3tHCaKpHfco+VVfnLYKnn4vw=
-5,-29,dLE0lDNjaejlgjVN03L7qEH5SdU=,z6DSmQBfOUYdwe9eZKI259aK9zI=
-6,-29,dLE0lDNjaejlgjVN03L7qEH5SdU=,z6DSmQBfOUYdwe9eZKI259aK9zI=
-7,-29,dLE0lDNjaejlgjVN03L7qEH5SdU=,yubS22k20H7ssAmXrzGQ4Kli0Ns=
-5,-26,NUhZhfez7Iwh8hZNwRfADVkL6wM=,pmuoBvpxNQ4Sp/bCLuzjHa/XyCo=
-6,-26,NUhZhfez7Iwh8hZNwRfADVkL6wM=,pmuoBvpxNQ4Sp/bCLuzjHa/XyCo=
-7,-26,NUhZhfez7Iwh8hZNwRfADVkL6wM=,dnTmQn+hlv0kj2Sg7X1vRk4GIDw=
-5,-24,NUhZhfez7Iwh8hZNwRfADVkL6wM=,my8AmlyVyYNJYa9ZNBLOMEszOu0=
-7,-27,NUhZhfez7Iwh8hZNwRfADVkL6wM=,zE4cqBOFam4BvmehiWz6DF7CQZE=
-7,-25,NUhZhfez7Iwh8hZNwRfADVkL6wM=,dnTmQn+hlv0kj2Sg7X1vRk4GIDw=
-6,-24,NUhZhfez7Iwh8hZNwRfADVkL6wM=,my8AmlyVyYNJYa9ZNBLOMEszOu0=
-4,-24,NUhZhfez7Iwh8hZNwRfADVkL6wM=,e/Vn8Aybbb4w6/7qLWHilK4Jb+E=
-7,-24,NUhZhfez7Iwh8hZNwRfADVkL6wM=,YZ4XK77iSeYYmXxZf+HR1YIvBQU=
-5,-27,NUhZhfez7Iwh8hZNwRfADVkL6wM=,9LVFC9eTazyKCuEEQdSw7G/7Qac=
-4,-27,NUhZhfez7Iwh8hZNwRfADVkL6wM=,hHu3tHCaKpHfco+VVfnLYKnn4vw=
-6,-25,NUhZhfez7Iwh8hZNwRfADVkL6wM=,pmuoBvpxNQ4Sp/bCLuzjHa/XyCo=
-6,-27,NUhZhfez7Iwh8hZNwRfADVkL6wM=,9LVFC9eTazyKCuEEQdSw7G/7Qac=
-4,-25,NUhZhfez7Iwh8hZNwRfADVkL6wM=,RdnZYZcbtM3XDq9tBbOFUgbwFgw=
-4,-26,NUhZhfez7Iwh8hZNwRfADVkL6wM=,RdnZYZcbtM3XDq9tBbOFUgbwFgw=
-5,-25,NUhZhfez7Iwh8hZNwRfADVkL6wM=,pmuoBvpxNQ4Sp/bCLuzjHa/XyCo=
-31,-18,TVv4QUMHOiITCyjNcsqpCF+Du9g=,937jR4OHlUsnflgQQMxnZLoaLJM=
-30,-18,TVv4QUMHOiITCyjNcsqpCF+Du9g=,rTdITNtWGJjhVQ7jHIss7SXz6zQ=
-31,-19,TVv4QUMHOiITCyjNcsqpCF+Du9g=,R21INhF1SxO2XGBF4I2nW9OWZMc=
-30,-19,TVv4QUMHOiITCyjNcsqpCF+Du9g=,eJoHWyEp/pbVx8A3rDS89V7FjpE=
-31,-24,OFH20QB7Rbxo/ogKT7p4nk56i4c=,dHqUPCIVS3TVFME5vXRJOm6up0I=
-31,-25,OFH20QB7Rbxo/ogKT7p4nk56i4c=,3V1OB/4orSDrhkyITA1tqOlmRsc=
-30,-24,OFH20QB7Rbxo/ogKT7p4nk56i4c=,mCaWE+JDMPwBg2j7cYB/q0HXZuU=
-30,-25,OFH20QB7Rbxo/ogKT7p4nk56i4c=,iQj1MZPCDHPFJXsjsxxcOhFKKPA=
-30,-27,OFH20QB7Rbxo/ogKT7p4nk56i4c=,IFlvcLXpWENcTc47tnXsH66n7pQ=
-31,-26,OFH20QB7Rbxo/ogKT7p4nk56i4c=,3V1OB/4orSDrhkyITA1tqOlmRsc=
-30,-26,OFH20QB7Rbxo/ogKT7p4nk56i4c=,iQj1MZPCDHPFJXsjsxxcOhFKKPA=
-31,-27,OFH20QB7Rbxo/ogKT7p4nk56i4c=,DUxD77ALFoAH8rSA0Tn3HiR4uto=
-30,-31,XAblSsgPPIPSSNlI+KRyeELObTA=,7XlKYeIuPP0VI3tY6bGaqwGyVg8=
-31,-31,XAblSsgPPIPSSNlI+KRyeELObTA=,grhBBi53aXxyPW6AM1GkoQPYwfI=
-30,-28,XAblSsgPPIPSSNlI+KRyeELObTA=,IFlvcLXpWENcTc47tnXsH66n7pQ=
-31,-29,XAblSsgPPIPSSNlI+KRyeELObTA=,DgerCvqSrP2/OpaPHSAEF1y4scM=
-30,-30,XAblSsgPPIPSSNlI+KRyeELObTA=,lN0q5gBdjInMfpC7wKR+n/k8fBM=
-30,-29,XAblSsgPPIPSSNlI+KRyeELObTA=,lN0q5gBdjInMfpC7wKR+n/k8fBM=
-31,-30,XAblSsgPPIPSSNlI+KRyeELObTA=,DgerCvqSrP2/OpaPHSAEF1y4scM=
-31,-28,XAblSsgPPIPSSNlI+KRyeELObTA=,DUxD77ALFoAH8rSA0Tn3HiR4uto=
-28,-29,y38MNfhY5asCLdTjK5422vLIuVM=,SOE5lKnYpDfQr7wzh2eWp91z8q8=
-28,-28,y38MNfhY5asCLdTjK5422vLIuVM=,bs194m25NF4/ubIgTJqDoGBVZEg=
-29,-29,y38MNfhY5asCLdTjK5422vLIuVM=,lN0q5gBdjInMfpC7wKR+n/k8fBM=
-29,-28,y38MNfhY5asCLdTjK5422vLIuVM=,IFlvcLXpWENcTc47tnXsH66n7pQ=
-28,-31,y38MNfhY5asCLdTjK5422vLIuVM=,vWdq5CmGWXajGaGV1AMvpCuHaHM=
-29,-31,y38MNfhY5asCLdTjK5422vLIuVM=,7XlKYeIuPP0VI3tY6bGaqwGyVg8=
-28,-30,y38MNfhY5asCLdTjK5422vLIuVM=,SOE5lKnYpDfQr7wzh2eWp91z8q8=
-29,-30,y38MNfhY5asCLdTjK5422vLIuVM=,lN0q5gBdjInMfpC7wKR+n/k8fBM=
-27,-29,pWhQrfiNZ/T2X2kGqMQ2bcoD1aA=,SOE5lKnYpDfQr7wzh2eWp91z8q8=
-27,-28,pWhQrfiNZ/T2X2kGqMQ2bcoD1aA=,bs194m25NF4/ubIgTJqDoGBVZEg=
-26,-28,pWhQrfiNZ/T2X2kGqMQ2bcoD1aA=,Oxwet8PK2cZz97Q8IsTeva0Xbk0=
-26,-29,pWhQrfiNZ/T2X2kGqMQ2bcoD1aA=,Uw/aqkJarSxw3xXD/9qqR7m2Hbs=
-26,-31,mBuZboH+FhZHnJhhdq48XydsYh8=,cOokAaixeCrA8sRUS5e7pVniRo0=
-27,-31,mBuZboH+FhZHnJhhdq48XydsYh8=,vWdq5CmGWXajGaGV1AMvpCuHaHM=
-27,-30,mBuZboH+FhZHnJhhdq48XydsYh8=,SOE5lKnYpDfQr7wzh2eWp91z8q8=
-26,-30,mBuZboH+FhZHnJhhdq48XydsYh8=,Uw/aqkJarSxw3xXD/9qqR7m2Hbs=
-25,-29,hNeko9LIAePprbZs5fpZOZh9kJY=,Uw/aqkJarSxw3xXD/9qqR7m2Hbs=
-24,-31,hNeko9LIAePprbZs5fpZOZh9kJY=,2xl7RbmJaUO6epyvfOEqksWVx4E=
-24,-30,hNeko9LIAePprbZs5fpZOZh9kJY=,9BZay1MAh0XRH741Syt96zHACCo=
-25,-30,hNeko9LIAePprbZs5fpZOZh9kJY=,Uw/aqkJarSxw3xXD/9qqR7m2Hbs=
-25,-31,hNeko9LIAePprbZs5fpZOZh9kJY=,cOokAaixeCrA8sRUS5e7pVniRo0=
-24,-29,hNeko9LIAePprbZs5fpZOZh9kJY=,9BZay1MAh0XRH741Syt96zHACCo=
-25,-28,hNeko9LIAePprbZs5fpZOZh9kJY=,Oxwet8PK2cZz97Q8IsTeva0Xbk0=
-24,-28,hNeko9LIAePprbZs5fpZOZh9kJY=,4HwqeoA8hOiGWr6g0yPn8G6XJX0=
-25,-26,Ao0haawDwRXoA9LR7h7A1TlSwb8=,mbROOGX9qd1ovNEoueRG1e9wvnU=
-25,-27,Ao0haawDwRXoA9LR7h7A1TlSwb8=,Oxwet8PK2cZz97Q8IsTeva0Xbk0=
-24,-27,Ao0haawDwRXoA9LR7h7A1TlSwb8=,4HwqeoA8hOiGWr6g0yPn8G6XJX0=
-24,-26,Ao0haawDwRXoA9LR7h7A1TlSwb8=,wbwCu4ilgxkO4CVC2xQvPBUMVQ8=
-23,-26,VXd5LhAN/dS8oZE/zj1P6nOau90=,wbwCu4ilgxkO4CVC2xQvPBUMVQ8=
-23,-27,VXd5LhAN/dS8oZE/zj1P6nOau90=,4HwqeoA8hOiGWr6g0yPn8G6XJX0=
-22,-27,VXd5LhAN/dS8oZE/zj1P6nOau90=,Aox+I282tEB+yCGGq9VCpwHdcsY=
-22,-26,VXd5LhAN/dS8oZE/zj1P6nOau90=,xY4af3X2sP+aOJlHQitPau/TPqo=
-20,-27,NlL1TdJ8kXVvBa3BBmspq6k7pVM=,XgUt6ATtVYIWBN8AfFL8nF8GL84=
-21,-26,NlL1TdJ8kXVvBa3BBmspq6k7pVM=,xY4af3X2sP+aOJlHQitPau/TPqo=
-21,-27,NlL1TdJ8kXVvBa3BBmspq6k7pVM=,Aox+I282tEB+yCGGq9VCpwHdcsY=
-20,-26,NlL1TdJ8kXVvBa3BBmspq6k7pVM=,nXwUYtDDJ2TlsYoJ/uHwwZZjm30=
-20,-25,+FQGIA9vLKuJO26Dt7eYXldC0TY=,nXwUYtDDJ2TlsYoJ/uHwwZZjm30=
-21,-24,+FQGIA9vLKuJO26Dt7eYXldC0TY=,O1VKAbeDcQxYIpH6G0w6NMzaUIY=
-20,-24,+FQGIA9vLKuJO26Dt7eYXldC0TY=,s2C42JkzuKI5XVCI91RW9cNKeb0=
-21,-25,+FQGIA9vLKuJO26Dt7eYXldC0TY=,xY4af3X2sP+aOJlHQitPau/TPqo=
-22,-29,6vZFWe8/nCCy48YArtDyUT4S3hY=,ATiP6kmmBDjagfTwIs8fCj6pYog=
-22,-28,6vZFWe8/nCCy48YArtDyUT4S3hY=,Aox+I282tEB+yCGGq9VCpwHdcsY=
-23,-28,6vZFWe8/nCCy48YArtDyUT4S3hY=,4HwqeoA8hOiGWr6g0yPn8G6XJX0=
-23,-29,6vZFWe8/nCCy48YArtDyUT4S3hY=,9BZay1MAh0XRH741Syt96zHACCo=
-21,-29,6vZFWe8/nCCy48YArtDyUT4S3hY=,ATiP6kmmBDjagfTwIs8fCj6pYog=
-20,-29,6vZFWe8/nCCy48YArtDyUT4S3hY=,9kMoIx7qG6YZ3oi/BlJULfv2+OA=
-21,-28,6vZFWe8/nCCy48YArtDyUT4S3hY=,Aox+I282tEB+yCGGq9VCpwHdcsY=
-20,-28,6vZFWe8/nCCy48YArtDyUT4S3hY=,XgUt6ATtVYIWBN8AfFL8nF8GL84=
-23,-30,F1dk1cKTHlFhGSqGL/pSu3tN9uo=,9BZay1MAh0XRH741Syt96zHACCo=
-23,-31,F1dk1cKTHlFhGSqGL/pSu3tN9uo=,2xl7RbmJaUO6epyvfOEqksWVx4E=
-22,-30,F1dk1cKTHlFhGSqGL/pSu3tN9uo=,ATiP6kmmBDjagfTwIs8fCj6pYog=
-22,-31,F1dk1cKTHlFhGSqGL/pSu3tN9uo=,HA7zZx2fHNrLmXySRyBv4PLntv4=
-21,-31,TtH3txz/n9mcbbTd3oQs4nHqfmw=,HA7zZx2fHNrLmXySRyBv4PLntv4=
-21,-30,TtH3txz/n9mcbbTd3oQs4nHqfmw=,ATiP6kmmBDjagfTwIs8fCj6pYog=
-20,-30,TtH3txz/n9mcbbTd3oQs4nHqfmw=,9kMoIx7qG6YZ3oi/BlJULfv2+OA=
-20,-31,TtH3txz/n9mcbbTd3oQs4nHqfmw=,kAL2W1XMPenY4ljZSABtoL+s7Xo=
-19,-31,e1k6vD62YviyZ+eH7QJLTqcQ+9I=,kAL2W1XMPenY4ljZSABtoL+s7Xo=
-18,-30,e1k6vD62YviyZ+eH7QJLTqcQ+9I=,4Ch1RFCGunREq6XV/JSO8RQsa/U=
-19,-30,e1k6vD62YviyZ+eH7QJLTqcQ+9I=,9kMoIx7qG6YZ3oi/BlJULfv2+OA=
-18,-31,e1k6vD62YviyZ+eH7QJLTqcQ+9I=,xEYBK4tqJe1+vgZh6S+BYczkWvk=
-18,-29,lCaS5Jw5HA6fCLnDJwQe9nk4Lfs=,4Ch1RFCGunREq6XV/JSO8RQsa/U=
-18,-28,lCaS5Jw5HA6fCLnDJwQe9nk4Lfs=,hA/OWd90nx1HlspgWQbn+4qGSE8=
-19,-28,lCaS5Jw5HA6fCLnDJwQe9nk4Lfs=,XgUt6ATtVYIWBN8AfFL8nF8GL84=
-19,-29,lCaS5Jw5HA6fCLnDJwQe9nk4Lfs=,9kMoIx7qG6YZ3oi/BlJULfv2+OA=
-18,-26,MLY9kvw4+1lLL5HzdLw3ojOCvck=,ydSTqjJ7GAgY7RJFw5oiPejAVrQ=
-19,-26,MLY9kvw4+1lLL5HzdLw3ojOCvck=,nXwUYtDDJ2TlsYoJ/uHwwZZjm30=
-18,-27,MLY9kvw4+1lLL5HzdLw3ojOCvck=,hA/OWd90nx1HlspgWQbn+4qGSE8=
-19,-27,MLY9kvw4+1lLL5HzdLw3ojOCvck=,XgUt6ATtVYIWBN8AfFL8nF8GL84=
-18,-25,nSNV1xj9JMgIHxCyWfNTnNMdWCs=,ydSTqjJ7GAgY7RJFw5oiPejAVrQ=
-19,-24,nSNV1xj9JMgIHxCyWfNTnNMdWCs=,s2C42JkzuKI5XVCI91RW9cNKeb0=
-19,-25,nSNV1xj9JMgIHxCyWfNTnNMdWCs=,nXwUYtDDJ2TlsYoJ/uHwwZZjm30=
-18,-24,nSNV1xj9JMgIHxCyWfNTnNMdWCs=,ts9s+K8gdTOw7piETCNSx8VkXK8=
-18,-23,7QBCn+CVoL2OTUHqaUljG/HF6lg=,ts9s+K8gdTOw7piETCNSx8VkXK8=
-18,-22,7QBCn+CVoL2OTUHqaUljG/HF6lg=,dOLSun4tXo5Hdh8m4n5CWhbjfjE=
-19,-22,7QBCn+CVoL2OTUHqaUljG/HF6lg=,Fsqcrh5BfocYcWTOltKmLb7vdLc=
-19,-23,7QBCn+CVoL2OTUHqaUljG/HF6lg=,s2C42JkzuKI5XVCI91RW9cNKeb0=
-20,-23,7QBCn+CVoL2OTUHqaUljG/HF6lg=,s2C42JkzuKI5XVCI91RW9cNKeb0=
-21,-23,7QBCn+CVoL2OTUHqaUljG/HF6lg=,O1VKAbeDcQxYIpH6G0w6NMzaUIY=
-20,-22,7QBCn+CVoL2OTUHqaUljG/HF6lg=,Fsqcrh5BfocYcWTOltKmLb7vdLc=
-21,-22,7QBCn+CVoL2OTUHqaUljG/HF6lg=,9Lt/6qY+Hybilv1r/+mB6qUxZ/s=
-20,-21,I+neLk51hL0voERx/ilHvXEPvN4=,Fsqcrh5BfocYcWTOltKmLb7vdLc=
-21,-21,I+neLk51hL0voERx/ilHvXEPvN4=,9Lt/6qY+Hybilv1r/+mB6qUxZ/s=
-21,-20,I+neLk51hL0voERx/ilHvXEPvN4=,cND1A0hFPQZa7A5Fw7MFdPpv9q0=
-20,-20,I+neLk51hL0voERx/ilHvXEPvN4=,tmQszzBxlYJdHAEGIs7dw6REAg8=
-21,-19,MU73X28YoxXJMn2x7x9xY3QoKYM=,cND1A0hFPQZa7A5Fw7MFdPpv9q0=
-20,-19,MU73X28YoxXJMn2x7x9xY3QoKYM=,tmQszzBxlYJdHAEGIs7dw6REAg8=
-21,-18,MU73X28YoxXJMn2x7x9xY3QoKYM=,M9N5+N7YqmLOhTkvgxQveX2WZzc=
-20,-18,MU73X28YoxXJMn2x7x9xY3QoKYM=,ZSV5Z57Yh4W6eZFlbF4okTTA+MQ=
-22,-18,s8C+JH/2fhJDv96cet/cCberSEc=,M9N5+N7YqmLOhTkvgxQveX2WZzc=
-22,-19,s8C+JH/2fhJDv96cet/cCberSEc=,cND1A0hFPQZa7A5Fw7MFdPpv9q0=
-23,-18,s8C+JH/2fhJDv96cet/cCberSEc=,hUwt0WFi3HffJByIJRosPvEmgWA=
-23,-19,bVNSVdsekvQFpgQNZpwP9qNiZkI=,m7Ar/2p0KaJ5i7CwqtZKuDnt9UU=
-25,-19,eGU6S0rlVk4sqMwKjHyAwfx06RA=,Aau8o41fcpjPoHs9VOmYE8BUj78=
-24,-18,eGU6S0rlVk4sqMwKjHyAwfx06RA=,hUwt0WFi3HffJByIJRosPvEmgWA=
-24,-19,eGU6S0rlVk4sqMwKjHyAwfx06RA=,m7Ar/2p0KaJ5i7CwqtZKuDnt9UU=
-25,-18,eGU6S0rlVk4sqMwKjHyAwfx06RA=,VEY1TUIM1huJZHliuyNsH2W7nLE=
-28,-18,uvSno6LoUJ3G99RQLZzRECaNBSs=,OpgBy9neR9ol3QNQEONrks+hhFE=
-27,-19,uvSno6LoUJ3G99RQLZzRECaNBSs=,6YZFWiEt1mPgvEeC/V9LVE8ATA0=
-29,-19,uvSno6LoUJ3G99RQLZzRECaNBSs=,eJoHWyEp/pbVx8A3rDS89V7FjpE=
-27,-18,uvSno6LoUJ3G99RQLZzRECaNBSs=,OpgBy9neR9ol3QNQEONrks+hhFE=
-29,-18,uvSno6LoUJ3G99RQLZzRECaNBSs=,rTdITNtWGJjhVQ7jHIss7SXz6zQ=
-28,-19,uvSno6LoUJ3G99RQLZzRECaNBSs=,6YZFWiEt1mPgvEeC/V9LVE8ATA0=
-26,-18,uvSno6LoUJ3G99RQLZzRECaNBSs=,VEY1TUIM1huJZHliuyNsH2W7nLE=
-26,-19,uvSno6LoUJ3G99RQLZzRECaNBSs=,Aau8o41fcpjPoHs9VOmYE8BUj78=
-28,-21,9kXUdVDV8sPHUpv+OPt+DYNBNzU=,T8BxaTXWrHmzLc+i6eHkXVPMwfI=
-28,-20,9kXUdVDV8sPHUpv+OPt+DYNBNzU=,6YZFWiEt1mPgvEeC/V9LVE8ATA0=
-27,-21,9kXUdVDV8sPHUpv+OPt+DYNBNzU=,T8BxaTXWrHmzLc+i6eHkXVPMwfI=
-26,-21,9kXUdVDV8sPHUpv+OPt+DYNBNzU=,7doMZQ5B4LPOjBtHNuAoOVbkloA=
-27,-20,9kXUdVDV8sPHUpv+OPt+DYNBNzU=,6YZFWiEt1mPgvEeC/V9LVE8ATA0=
-29,-21,9kXUdVDV8sPHUpv+OPt+DYNBNzU=,go8K5vPHPwwKoTW5zWiTRy+rIng=
-29,-20,9kXUdVDV8sPHUpv+OPt+DYNBNzU=,eJoHWyEp/pbVx8A3rDS89V7FjpE=
-26,-20,9kXUdVDV8sPHUpv+OPt+DYNBNzU=,Aau8o41fcpjPoHs9VOmYE8BUj78=
-28,-22,Jz1OPk1qwcMq6XH9e7DIYPSgxFs=,T8BxaTXWrHmzLc+i6eHkXVPMwfI=
-27,-23,Jz1OPk1qwcMq6XH9e7DIYPSgxFs=,tf3LVKMgWAVLZ05hbw6p3flUK1E=
-28,-23,Jz1OPk1qwcMq6XH9e7DIYPSgxFs=,tf3LVKMgWAVLZ05hbw6p3flUK1E=
-29,-23,Jz1OPk1qwcMq6XH9e7DIYPSgxFs=,mCaWE+JDMPwBg2j7cYB/q0HXZuU=
-26,-23,Jz1OPk1qwcMq6XH9e7DIYPSgxFs=,ToIzh/28cmwzaL00lOHCBTNAdeg=
-26,-22,Jz1OPk1qwcMq6XH9e7DIYPSgxFs=,7doMZQ5B4LPOjBtHNuAoOVbkloA=
-29,-22,Jz1OPk1qwcMq6XH9e7DIYPSgxFs=,go8K5vPHPwwKoTW5zWiTRy+rIng=
-27,-22,Jz1OPk1qwcMq6XH9e7DIYPSgxFs=,T8BxaTXWrHmzLc+i6eHkXVPMwfI=
-27,-27,VDBAuZLEGTT12xaTCvXPFN/P6RM=,bs194m25NF4/ubIgTJqDoGBVZEg=
-26,-24,VDBAuZLEGTT12xaTCvXPFN/P6RM=,ToIzh/28cmwzaL00lOHCBTNAdeg=
-29,-27,VDBAuZLEGTT12xaTCvXPFN/P6RM=,IFlvcLXpWENcTc47tnXsH66n7pQ=
-28,-27,VDBAuZLEGTT12xaTCvXPFN/P6RM=,bs194m25NF4/ubIgTJqDoGBVZEg=
-27,-25,VDBAuZLEGTT12xaTCvXPFN/P6RM=,ukCd/ZyzEp4kkQcJ8ipgocHwCOE=
-29,-25,VDBAuZLEGTT12xaTCvXPFN/P6RM=,iQj1MZPCDHPFJXsjsxxcOhFKKPA=
-28,-25,VDBAuZLEGTT12xaTCvXPFN/P6RM=,ukCd/ZyzEp4kkQcJ8ipgocHwCOE=
-27,-26,VDBAuZLEGTT12xaTCvXPFN/P6RM=,ukCd/ZyzEp4kkQcJ8ipgocHwCOE=
-29,-26,VDBAuZLEGTT12xaTCvXPFN/P6RM=,iQj1MZPCDHPFJXsjsxxcOhFKKPA=
-26,-27,VDBAuZLEGTT12xaTCvXPFN/P6RM=,Oxwet8PK2cZz97Q8IsTeva0Xbk0=
-27,-24,VDBAuZLEGTT12xaTCvXPFN/P6RM=,tf3LVKMgWAVLZ05hbw6p3flUK1E=
-28,-26,VDBAuZLEGTT12xaTCvXPFN/P6RM=,ukCd/ZyzEp4kkQcJ8ipgocHwCOE=
-29,-24,VDBAuZLEGTT12xaTCvXPFN/P6RM=,mCaWE+JDMPwBg2j7cYB/q0HXZuU=
-26,-25,VDBAuZLEGTT12xaTCvXPFN/P6RM=,mbROOGX9qd1ovNEoueRG1e9wvnU=
-28,-24,VDBAuZLEGTT12xaTCvXPFN/P6RM=,tf3LVKMgWAVLZ05hbw6p3flUK1E=
-26,-26,VDBAuZLEGTT12xaTCvXPFN/P6RM=,mbROOGX9qd1ovNEoueRG1e9wvnU=
-31,-17,9OGFP4U0tosdmiNlQDPWMKYYqmY=,937jR4OHlUsnflgQQMxnZLoaLJM=
-30,-17,9OGFP4U0tosdmiNlQDPWMKYYqmY=,rTdITNtWGJjhVQ7jHIss7SXz6zQ=
-29,-17,40EZM0zpcjicj69eljONe5BH17E=,rTdITNtWGJjhVQ7jHIss7SXz6zQ=
-28,-17,40EZM0zpcjicj69eljONe5BH17E=,OpgBy9neR9ol3QNQEONrks+hhFE=
-25,-24,40EZM0zpcjicj69eljONe5BH17E=,ToIzh/28cmwzaL00lOHCBTNAdeg=
-23,-25,40EZM0zpcjicj69eljONe5BH17E=,wbwCu4ilgxkO4CVC2xQvPBUMVQ8=
-24,-25,40EZM0zpcjicj69eljONe5BH17E=,wbwCu4ilgxkO4CVC2xQvPBUMVQ8=
-22,-24,40EZM0zpcjicj69eljONe5BH17E=,O1VKAbeDcQxYIpH6G0w6NMzaUIY=
-25,-25,40EZM0zpcjicj69eljONe5BH17E=,mbROOGX9qd1ovNEoueRG1e9wvnU=
-23,-24,40EZM0zpcjicj69eljONe5BH17E=,SOoFF+5KhToK66pM9TH/ef8TgUA=
-22,-25,40EZM0zpcjicj69eljONe5BH17E=,xY4af3X2sP+aOJlHQitPau/TPqo=
-24,-24,40EZM0zpcjicj69eljONe5BH17E=,SOoFF+5KhToK66pM9TH/ef8TgUA=
-26,-17,40EZM0zpcjicj69eljONe5BH17E=,VEY1TUIM1huJZHliuyNsH2W7nLE=
-27,-17,40EZM0zpcjicj69eljONe5BH17E=,OpgBy9neR9ol3QNQEONrks+hhFE=
-24,-17,QPu3ZHJbjQTosY11jz5TyBHf2Oo=,hUwt0WFi3HffJByIJRosPvEmgWA=
-25,-17,QPu3ZHJbjQTosY11jz5TyBHf2Oo=,VEY1TUIM1huJZHliuyNsH2W7nLE=
-23,-17,QPu3ZHJbjQTosY11jz5TyBHf2Oo=,hUwt0WFi3HffJByIJRosPvEmgWA=
-22,-17,QPu3ZHJbjQTosY11jz5TyBHf2Oo=,M9N5+N7YqmLOhTkvgxQveX2WZzc=
-20,-17,dijsg4sjcL2hwxpcXAiVURqGAhA=,ZSV5Z57Yh4W6eZFlbF4okTTA+MQ=
-21,-17,dijsg4sjcL2hwxpcXAiVURqGAhA=,M9N5+N7YqmLOhTkvgxQveX2WZzc=
-17,-23,8tpDwRhp/nWsO6oRc2B9HguXDVQ=,ts9s+K8gdTOw7piETCNSx8VkXK8=
-17,-22,8tpDwRhp/nWsO6oRc2B9HguXDVQ=,dOLSun4tXo5Hdh8m4n5CWhbjfjE=
-17,-25,1kpzriZFBCBB/LSelNrAZZJiRvo=,ydSTqjJ7GAgY7RJFw5oiPejAVrQ=
-17,-24,1kpzriZFBCBB/LSelNrAZZJiRvo=,ts9s+K8gdTOw7piETCNSx8VkXK8=
-17,-26,2PKLGbdKQ5Z2N6/BsmnIKAHtxfQ=,ydSTqjJ7GAgY7RJFw5oiPejAVrQ=
-17,-27,2PKLGbdKQ5Z2N6/BsmnIKAHtxfQ=,hA/OWd90nx1HlspgWQbn+4qGSE8=
-17,-29,6xaYK/CxpGUgbGTFEOoXUNiU+Ts=,4Ch1RFCGunREq6XV/JSO8RQsa/U=
-17,-28,6xaYK/CxpGUgbGTFEOoXUNiU+Ts=,hA/OWd90nx1HlspgWQbn+4qGSE8=
-17,-31,3ArCyNjb2brPn8CVBnZWI9ckLMc=,xEYBK4tqJe1+vgZh6S+BYczkWvk=
-17,-30,3ArCyNjb2brPn8CVBnZWI9ckLMc=,4Ch1RFCGunREq6XV/JSO8RQsa/U=
-19,-32,PaPImjL8wKfWxfntqhq/F6NI2Vs=,kAL2W1XMPenY4ljZSABtoL+s7Xo=
-18,-32,PaPImjL8wKfWxfntqhq/F6NI2Vs=,xEYBK4tqJe1+vgZh6S+BYczkWvk=
-21,-32,ZbBudIjSJmtFoEyV7Igv5lkUFKw=,HA7zZx2fHNrLmXySRyBv4PLntv4=
-20,-32,ZbBudIjSJmtFoEyV7Igv5lkUFKw=,kAL2W1XMPenY4ljZSABtoL+s7Xo=
-22,-32,QMNYwriLf0rG6cLMjHLFBXzg/K8=,HA7zZx2fHNrLmXySRyBv4PLntv4=
-23,-32,QMNYwriLf0rG6cLMjHLFBXzg/K8=,2xl7RbmJaUO6epyvfOEqksWVx4E=
-24,-32,U1tkVeqWR54vbY8iFT6DF3KosFk=,2xl7RbmJaUO6epyvfOEqksWVx4E=
-25,-32,U1tkVeqWR54vbY8iFT6DF3KosFk=,cOokAaixeCrA8sRUS5e7pVniRo0=
-27,-32,kgQJOnl0MfkbophE97HtrJhBV3M=,vWdq5CmGWXajGaGV1AMvpCuHaHM=
-26,-32,kgQJOnl0MfkbophE97HtrJhBV3M=,cOokAaixeCrA8sRUS5e7pVniRo0=
-28,-32,Y/pIFQm+hU/f1lO2OG3772+qv6k=,vWdq5CmGWXajGaGV1AMvpCuHaHM=
-29,-32,Y/pIFQm+hU/f1lO2OG3772+qv6k=,7XlKYeIuPP0VI3tY6bGaqwGyVg8=
-31,-32,+q0dpA+Lgks2auJr4P2oJcYh75U=,grhBBi53aXxyPW6AM1GkoQPYwfI=
-30,-32,+q0dpA+Lgks2auJr4P2oJcYh75U=,7XlKYeIuPP0VI3tY6bGaqwGyVg8=
-32,-31,mmgZHCQwOhp6U216WFrmJk0xr8A=,grhBBi53aXxyPW6AM1GkoQPYwfI=
-32,-30,mmgZHCQwOhp6U216WFrmJk0xr8A=,DgerCvqSrP2/OpaPHSAEF1y4scM=
-32,-28,Nakkktg2P0QRSxlnAPmhoTJkWos=,DUxD77ALFoAH8rSA0Tn3HiR4uto=
-32,-29,Nakkktg2P0QRSxlnAPmhoTJkWos=,DgerCvqSrP2/OpaPHSAEF1y4scM=
-32,-27,LLnkc2EfORndjaA3b4T37Jk4RjE=,DUxD77ALFoAH8rSA0Tn3HiR4uto=
-32,-26,LLnkc2EfORndjaA3b4T37Jk4RjE=,3V1OB/4orSDrhkyITA1tqOlmRsc=
-32,-24,VILEeNwUJxPH5D0gTxAuGCMwFwE=,dHqUPCIVS3TVFME5vXRJOm6up0I=
-32,-25,VILEeNwUJxPH5D0gTxAuGCMwFwE=,3V1OB/4orSDrhkyITA1tqOlmRsc=
-24,-23,ZB5+rAaSf4DHF8B49l9eGZnjKME=,SOoFF+5KhToK66pM9TH/ef8TgUA=
-24,-22,ZB5+rAaSf4DHF8B49l9eGZnjKME=,/VH3F+hcx9cR4Qp8vAuc4MZPxZM=
-23,-23,ZB5+rAaSf4DHF8B49l9eGZnjKME=,SOoFF+5KhToK66pM9TH/ef8TgUA=
-23,-20,ZB5+rAaSf4DHF8B49l9eGZnjKME=,m7Ar/2p0KaJ5i7CwqtZKuDnt9UU=
-22,-22,ZB5+rAaSf4DHF8B49l9eGZnjKME=,9Lt/6qY+Hybilv1r/+mB6qUxZ/s=
-22,-23,ZB5+rAaSf4DHF8B49l9eGZnjKME=,O1VKAbeDcQxYIpH6G0w6NMzaUIY=
-24,-20,ZB5+rAaSf4DHF8B49l9eGZnjKME=,m7Ar/2p0KaJ5i7CwqtZKuDnt9UU=
-22,-21,ZB5+rAaSf4DHF8B49l9eGZnjKME=,9Lt/6qY+Hybilv1r/+mB6qUxZ/s=
-23,-22,ZB5+rAaSf4DHF8B49l9eGZnjKME=,/VH3F+hcx9cR4Qp8vAuc4MZPxZM=
-25,-21,ZB5+rAaSf4DHF8B49l9eGZnjKME=,7doMZQ5B4LPOjBtHNuAoOVbkloA=
-24,-21,ZB5+rAaSf4DHF8B49l9eGZnjKME=,/VH3F+hcx9cR4Qp8vAuc4MZPxZM=
-22,-20,ZB5+rAaSf4DHF8B49l9eGZnjKME=,cND1A0hFPQZa7A5Fw7MFdPpv9q0=
-25,-23,ZB5+rAaSf4DHF8B49l9eGZnjKME=,ToIzh/28cmwzaL00lOHCBTNAdeg=
-23,-21,5zyAO2OmljJuc0iAQJmwnl8FFvA=,/VH3F+hcx9cR4Qp8vAuc4MZPxZM=
-25,-20,5zyAO2OmljJuc0iAQJmwnl8FFvA=,Aau8o41fcpjPoHs9VOmYE8BUj78=
-25,-22,5zyAO2OmljJuc0iAQJmwnl8FFvA=,7doMZQ5B4LPOjBtHNuAoOVbkloA=
-32,-18,urR5UH9Z8NDarqtRaqBIKTSY3HM=,937jR4OHlUsnflgQQMxnZLoaLJM=
-32,-19,urR5UH9Z8NDarqtRaqBIKTSY3HM=,R21INhF1SxO2XGBF4I2nW9OWZMc=
-32,-17,urR5UH9Z8NDarqtRaqBIKTSY3HM=,937jR4OHlUsnflgQQMxnZLoaLJM=
-17,-32,urR5UH9Z8NDarqtRaqBIKTSY3HM=,xEYBK4tqJe1+vgZh6S+BYczkWvk=
-32,-32,g7J3sNcaW7sAB6VAFgVhh1r0834=,grhBBi53aXxyPW6AM1GkoQPYwfI=
-17,-17,amvywvWj3BlG0wZ8Fu2xcPyHCnc=,ZGgq7VZsYKkREKDSMozCqRUsnsA=
-18,-17,amvywvWj3BlG0wZ8Fu2xcPyHCnc=,ZGgq7VZsYKkREKDSMozCqRUsnsA=
-19,-17,amvywvWj3BlG0wZ8Fu2xcPyHCnc=,ZSV5Z57Yh4W6eZFlbF4okTTA+MQ=
-17,-20,tQ/6nTf1wfBQeJyPFHa25kyPj4k=,rgrF0lty2IE9w5AmoX+uMl1A2L8=
-17,-21,tQ/6nTf1wfBQeJyPFHa25kyPj4k=,dOLSun4tXo5Hdh8m4n5CWhbjfjE=
-19,-19,tQ/6nTf1wfBQeJyPFHa25kyPj4k=,tmQszzBxlYJdHAEGIs7dw6REAg8=
-17,-19,tQ/6nTf1wfBQeJyPFHa25kyPj4k=,rgrF0lty2IE9w5AmoX+uMl1A2L8=
-18,-19,tQ/6nTf1wfBQeJyPFHa25kyPj4k=,rgrF0lty2IE9w5AmoX+uMl1A2L8=
-19,-20,tQ/6nTf1wfBQeJyPFHa25kyPj4k=,tmQszzBxlYJdHAEGIs7dw6REAg8=
-18,-20,tQ/6nTf1wfBQeJyPFHa25kyPj4k=,rgrF0lty2IE9w5AmoX+uMl1A2L8=
-19,-18,tQ/6nTf1wfBQeJyPFHa25kyPj4k=,ZSV5Z57Yh4W6eZFlbF4okTTA+MQ=
-17,-18,tQ/6nTf1wfBQeJyPFHa25kyPj4k=,ZGgq7VZsYKkREKDSMozCqRUsnsA=
-18,-21,tQ/6nTf1wfBQeJyPFHa25kyPj4k=,dOLSun4tXo5Hdh8m4n5CWhbjfjE=
-19,-21,tQ/6nTf1wfBQeJyPFHa25kyPj4k=,Fsqcrh5BfocYcWTOltKmLb7vdLc=
-18,-18,tQ/6nTf1wfBQeJyPFHa25kyPj4k=,ZGgq7VZsYKkREKDSMozCqRUsnsA=
-31,-23,180Dy5d2X62VmR7mS5j+ggj3LHQ=,dHqUPCIVS3TVFME5vXRJOm6up0I=
-30,-22,180Dy5d2X62VmR7mS5j+ggj3LHQ=,go8K5vPHPwwKoTW5zWiTRy+rIng=
-32,-21,180Dy5d2X62VmR7mS5j+ggj3LHQ=,wSapzcf465YYvCSC4wxe6UxaJF4=
-31,-21,180Dy5d2X62VmR7mS5j+ggj3LHQ=,wSapzcf465YYvCSC4wxe6UxaJF4=
-31,-20,180Dy5d2X62VmR7mS5j+ggj3LHQ=,R21INhF1SxO2XGBF4I2nW9OWZMc=
-32,-22,180Dy5d2X62VmR7mS5j+ggj3LHQ=,wSapzcf465YYvCSC4wxe6UxaJF4=
-30,-23,180Dy5d2X62VmR7mS5j+ggj3LHQ=,mCaWE+JDMPwBg2j7cYB/q0HXZuU=
-31,-22,180Dy5d2X62VmR7mS5j+ggj3LHQ=,wSapzcf465YYvCSC4wxe6UxaJF4=
-32,-23,180Dy5d2X62VmR7mS5j+ggj3LHQ=,dHqUPCIVS3TVFME5vXRJOm6up0I=
-30,-21,180Dy5d2X62VmR7mS5j+ggj3LHQ=,go8K5vPHPwwKoTW5zWiTRy+rIng=
-30,-20,180Dy5d2X62VmR7mS5j+ggj3LHQ=,eJoHWyEp/pbVx8A3rDS89V7FjpE=
-32,-20,180Dy5d2X62VmR7mS5j+ggj3LHQ=,R21INhF1SxO2XGBF4I2nW9OWZMc=
-21,-2,CLgCd3hpMWi+JF16ckrJ2GHAX1k=,jOhZi8w8wkeavqNlrVzpUD7a67c=
-21,-3,CLgCd3hpMWi+JF16ckrJ2GHAX1k=,Yl4rJNTjk+Uqdc1M16u4gHaqT/0=
-20,-2,CLgCd3hpMWi+JF16ckrJ2GHAX1k=,8wiOiNdfLvJm6Zvgxx+p1pirF8I=
-21,-5,CLgCd3hpMWi+JF16ckrJ2GHAX1k=,0lALlpPszGLooHCtAW4PQkRhoNk=
-20,-4,CLgCd3hpMWi+JF16ckrJ2GHAX1k=,MP5YW4bjhQK5x+4V7Fn2xZrIrgc=
-20,-3,CLgCd3hpMWi+JF16ckrJ2GHAX1k=,MP5YW4bjhQK5x+4V7Fn2xZrIrgc=
-21,-4,CLgCd3hpMWi+JF16ckrJ2GHAX1k=,Yl4rJNTjk+Uqdc1M16u4gHaqT/0=
-20,-5,CLgCd3hpMWi+JF16ckrJ2GHAX1k=,xg/IIh+db+aL13c/ENZBHpCp9w8=
-21,-7,/jSENlVJx1tY5HXXjxKRtWsMstc=,RrQ4qXwbQ2b0GC9sq3ao9YsgPsQ=
-20,-7,/jSENlVJx1tY5HXXjxKRtWsMstc=,eIX/xuRKYLwuFEh2lssIFPkBcA8=
-20,-6,/jSENlVJx1tY5HXXjxKRtWsMstc=,xg/IIh+db+aL13c/ENZBHpCp9w8=
-21,-6,/jSENlVJx1tY5HXXjxKRtWsMstc=,0lALlpPszGLooHCtAW4PQkRhoNk=
-19,-6,tEov9UgNVVA/21HPIacxXhVpIT0=,xg/IIh+db+aL13c/ENZBHpCp9w8=
-19,-7,tEov9UgNVVA/21HPIacxXhVpIT0=,eIX/xuRKYLwuFEh2lssIFPkBcA8=
-18,-7,tEov9UgNVVA/21HPIacxXhVpIT0=,Rm/8Ca5EcTAxyKQrIx/O3PUcpmc=
-18,-6,tEov9UgNVVA/21HPIacxXhVpIT0=,38M5JfD29zTfNm7LOWf8uH3g1tQ=
-27,-6,JV85dN9OuvUgKKYeRaFLpv5KfMs=,yWB999IrxBZfqsBpbw+Y7eDfmf4=
-26,-6,JV85dN9OuvUgKKYeRaFLpv5KfMs=,kmnFF9ceDTTdi7stjpSg/lClqDk=
-27,-7,JV85dN9OuvUgKKYeRaFLpv5KfMs=,OJgQW0kJizRMVPf9SkXYotINOhQ=
-26,-7,JV85dN9OuvUgKKYeRaFLpv5KfMs=,2Mbe2Qk4d2tFVu1vVTYWp9fZXeM=
-28,-6,s0hs7xFF99a94aMzl7XTt3ESJvE=,yWB999IrxBZfqsBpbw+Y7eDfmf4=
-28,-7,s0hs7xFF99a94aMzl7XTt3ESJvE=,OJgQW0kJizRMVPf9SkXYotINOhQ=
-29,-6,s0hs7xFF99a94aMzl7XTt3ESJvE=,EpcN8EXIHBZvw4NiMMiKNL0duUQ=
-29,-7,s0hs7xFF99a94aMzl7XTt3ESJvE=,omdUfUuUVBD1qrjLe0gcb/vniTo=
-29,-5,d6whURbmL3BvjoiffTGThiW6tUc=,EpcN8EXIHBZvw4NiMMiKNL0duUQ=
-28,-4,d6whURbmL3BvjoiffTGThiW6tUc=,CKO5zKUd72UCWmxqH5fYlmyj5UQ=
-28,-5,d6whURbmL3BvjoiffTGThiW6tUc=,yWB999IrxBZfqsBpbw+Y7eDfmf4=
-29,-4,d6whURbmL3BvjoiffTGThiW6tUc=,QHURw6OGyxw0Z/YfFtAR40Ju8Ac=
-30,-4,cEOhvnK7DLOH80FPD0nUUOq6GME=,QHURw6OGyxw0Z/YfFtAR40Ju8Ac=
-31,-5,cEOhvnK7DLOH80FPD0nUUOq6GME=,1lG6dyOrlZAy8WK3FD0AyU/RsUM=
-30,-5,cEOhvnK7DLOH80FPD0nUUOq6GME=,EpcN8EXIHBZvw4NiMMiKNL0duUQ=
-30,-7,cEOhvnK7DLOH80FPD0nUUOq6GME=,omdUfUuUVBD1qrjLe0gcb/vniTo=
-31,-6,cEOhvnK7DLOH80FPD0nUUOq6GME=,1lG6dyOrlZAy8WK3FD0AyU/RsUM=
-31,-7,cEOhvnK7DLOH80FPD0nUUOq6GME=,6HtOuY2wNelwGQ1/yu7a2SGnmiE=
-31,-4,cEOhvnK7DLOH80FPD0nUUOq6GME=,PNyNtzqJrcPPVqL4B6OlKqWK7Jg=
-30,-6,cEOhvnK7DLOH80FPD0nUUOq6GME=,EpcN8EXIHBZvw4NiMMiKNL0duUQ=
-29,-3,NFIS9JP9As1n31Rod/bumtxKADo=,QHURw6OGyxw0Z/YfFtAR40Ju8Ac=
-29,-2,NFIS9JP9As1n31Rod/bumtxKADo=,qDvhUipnmJER420HSe0iwaTlTgs=
-28,-2,NFIS9JP9As1n31Rod/bumtxKADo=,RBwJ6f6BQqTn8gRbq+PzXQWmbmQ=
-28,-3,NFIS9JP9As1n31Rod/bumtxKADo=,CKO5zKUd72UCWmxqH5fYlmyj5UQ=
-30,-2,VT1Bvu7zk8nABAnTvKgABScyAlo=,qDvhUipnmJER420HSe0iwaTlTgs=
-31,-3,VT1Bvu7zk8nABAnTvKgABScyAlo=,PNyNtzqJrcPPVqL4B6OlKqWK7Jg=
-30,-3,VT1Bvu7zk8nABAnTvKgABScyAlo=,QHURw6OGyxw0Z/YfFtAR40Ju8Ac=
-31,-2,VT1Bvu7zk8nABAnTvKgABScyAlo=,3hr0HPuhOsNmnJVJjxzS4Vn8Whc=
-27,-3,IzoR6LaAHTd85j0UzYSZQbqewyI=,CKO5zKUd72UCWmxqH5fYlmyj5UQ=
-27,-4,IzoR6LaAHTd85j0UzYSZQbqewyI=,CKO5zKUd72UCWmxqH5fYlmyj5UQ=
-26,-4,IzoR6LaAHTd85j0UzYSZQbqewyI=,w1mVh8y2iPbg4B5TwntVV1/g6T4=
-26,-3,IzoR6LaAHTd85j0UzYSZQbqewyI=,w1mVh8y2iPbg4B5TwntVV1/g6T4=
-26,-2,IzoR6LaAHTd85j0UzYSZQbqewyI=,6LLOk4iqL1/lMtXAFBovU3y5P3I=
-27,-2,IzoR6LaAHTd85j0UzYSZQbqewyI=,RBwJ6f6BQqTn8gRbq+PzXQWmbmQ=
-26,-5,IzoR6LaAHTd85j0UzYSZQbqewyI=,kmnFF9ceDTTdi7stjpSg/lClqDk=
-27,-5,IzoR6LaAHTd85j0UzYSZQbqewyI=,yWB999IrxBZfqsBpbw+Y7eDfmf4=
-20,-1,8CV+1P+oXFKyb0UMfze9TU6++ps=,8wiOiNdfLvJm6Zvgxx+p1pirF8I=
-21,-1,8CV+1P+oXFKyb0UMfze9TU6++ps=,jOhZi8w8wkeavqNlrVzpUD7a67c=
-27,-1,8CV+1P+oXFKyb0UMfze9TU6++ps=,RBwJ6f6BQqTn8gRbq+PzXQWmbmQ=
-26,-1,8CV+1P+oXFKyb0UMfze9TU6++ps=,6LLOk4iqL1/lMtXAFBovU3y5P3I=
-29,-1,8CV+1P+oXFKyb0UMfze9TU6++ps=,qDvhUipnmJER420HSe0iwaTlTgs=
-28,-1,8CV+1P+oXFKyb0UMfze9TU6++ps=,RBwJ6f6BQqTn8gRbq+PzXQWmbmQ=
-31,-1,u4sm1vpLDmeVUu6h7zgqjlbsD6M=,3hr0HPuhOsNmnJVJjxzS4Vn8Whc=
-30,-1,u4sm1vpLDmeVUu6h7zgqjlbsD6M=,qDvhUipnmJER420HSe0iwaTlTgs=
-32,-3,Vn9ShnFP7SvIl+aOWvQz949XhZY=,PNyNtzqJrcPPVqL4B6OlKqWK7Jg=
-32,-2,Vn9ShnFP7SvIl+aOWvQz949XhZY=,3hr0HPuhOsNmnJVJjxzS4Vn8Whc=
-32,-4,Vn9ShnFP7SvIl+aOWvQz949XhZY=,PNyNtzqJrcPPVqL4B6OlKqWK7Jg=
-32,-5,Vn9ShnFP7SvIl+aOWvQz949XhZY=,1lG6dyOrlZAy8WK3FD0AyU/RsUM=
-32,-6,NPRgFuOOKdmIoqdzjdFjlIGUeug=,1lG6dyOrlZAy8WK3FD0AyU/RsUM=
-32,-7,NPRgFuOOKdmIoqdzjdFjlIGUeug=,6HtOuY2wNelwGQ1/yu7a2SGnmiE=
-22,-1,1v8vpCgH6X+QLolj3tAytc2aVMA=,jOhZi8w8wkeavqNlrVzpUD7a67c=
-25,-3,1v8vpCgH6X+QLolj3tAytc2aVMA=,w1mVh8y2iPbg4B5TwntVV1/g6T4=
-25,-1,1v8vpCgH6X+QLolj3tAytc2aVMA=,6LLOk4iqL1/lMtXAFBovU3y5P3I=
-23,-1,1v8vpCgH6X+QLolj3tAytc2aVMA=,Q3mjn98l4avthmGfc/8WjLFGiRo=
-22,-2,1v8vpCgH6X+QLolj3tAytc2aVMA=,jOhZi8w8wkeavqNlrVzpUD7a67c=
-24,-1,1v8vpCgH6X+QLolj3tAytc2aVMA=,Q3mjn98l4avthmGfc/8WjLFGiRo=
-23,-2,1v8vpCgH6X+QLolj3tAytc2aVMA=,Q3mjn98l4avthmGfc/8WjLFGiRo=
-22,-3,1v8vpCgH6X+QLolj3tAytc2aVMA=,Yl4rJNTjk+Uqdc1M16u4gHaqT/0=
-24,-2,1v8vpCgH6X+QLolj3tAytc2aVMA=,Q3mjn98l4avthmGfc/8WjLFGiRo=
-25,-2,1v8vpCgH6X+QLolj3tAytc2aVMA=,6LLOk4iqL1/lMtXAFBovU3y5P3I=
-23,-3,1v8vpCgH6X+QLolj3tAytc2aVMA=,sVU0xwUxsGZIxBV57iIunqVj9TE=
-24,-3,1v8vpCgH6X+QLolj3tAytc2aVMA=,sVU0xwUxsGZIxBV57iIunqVj9TE=
-22,-5,yQMZdTWt9YX8I1d2mq9YjIo/VEE=,0lALlpPszGLooHCtAW4PQkRhoNk=
-23,-7,yQMZdTWt9YX8I1d2mq9YjIo/VEE=,15U4iZn3WOC+lOrChsE2QCRxzrU=
-24,-7,yQMZdTWt9YX8I1d2mq9YjIo/VEE=,15U4iZn3WOC+lOrChsE2QCRxzrU=
-24,-6,yQMZdTWt9YX8I1d2mq9YjIo/VEE=,1XTFAFCvlgPPSOM00TLV51GgQXY=
-25,-7,yQMZdTWt9YX8I1d2mq9YjIo/VEE=,2Mbe2Qk4d2tFVu1vVTYWp9fZXeM=
-22,-7,yQMZdTWt9YX8I1d2mq9YjIo/VEE=,RrQ4qXwbQ2b0GC9sq3ao9YsgPsQ=
-22,-6,yQMZdTWt9YX8I1d2mq9YjIo/VEE=,0lALlpPszGLooHCtAW4PQkRhoNk=
-25,-5,yQMZdTWt9YX8I1d2mq9YjIo/VEE=,kmnFF9ceDTTdi7stjpSg/lClqDk=
-23,-6,yQMZdTWt9YX8I1d2mq9YjIo/VEE=,1XTFAFCvlgPPSOM00TLV51GgQXY=
-25,-4,yQMZdTWt9YX8I1d2mq9YjIo/VEE=,w1mVh8y2iPbg4B5TwntVV1/g6T4=
-23,-4,yQMZdTWt9YX8I1d2mq9YjIo/VEE=,sVU0xwUxsGZIxBV57iIunqVj9TE=
-22,-4,yQMZdTWt9YX8I1d2mq9YjIo/VEE=,Yl4rJNTjk+Uqdc1M16u4gHaqT/0=
-24,-4,yQMZdTWt9YX8I1d2mq9YjIo/VEE=,sVU0xwUxsGZIxBV57iIunqVj9TE=
-24,-5,yQMZdTWt9YX8I1d2mq9YjIo/VEE=,1XTFAFCvlgPPSOM00TLV51GgQXY=
-23,-5,yQMZdTWt9YX8I1d2mq9YjIo/VEE=,1XTFAFCvlgPPSOM00TLV51GgQXY=
-25,-6,yQMZdTWt9YX8I1d2mq9YjIo/VEE=,kmnFF9ceDTTdi7stjpSg/lClqDk=
-31,-9,HD32lWiDTpXTbVIcm2o/XvlVR4I=,amta9kVHXOBngaXUMM8CLX7O8eI=
-30,-9,HD32lWiDTpXTbVIcm2o/XvlVR4I=,m5KLTA5a0qNDAz+cPHdbDKNFoFs=
-31,-8,HD32lWiDTpXTbVIcm2o/XvlVR4I=,6HtOuY2wNelwGQ1/yu7a2SGnmiE=
-30,-8,HD32lWiDTpXTbVIcm2o/XvlVR4I=,omdUfUuUVBD1qrjLe0gcb/vniTo=
-28,-9,Ery4iybl2AJXp7nvpgiSOi6DVQs=,yE3k4mnkiKDQCwnu5AMlFgFtJgc=
-29,-9,Ery4iybl2AJXp7nvpgiSOi6DVQs=,m5KLTA5a0qNDAz+cPHdbDKNFoFs=
-28,-8,Ery4iybl2AJXp7nvpgiSOi6DVQs=,OJgQW0kJizRMVPf9SkXYotINOhQ=
-29,-8,Ery4iybl2AJXp7nvpgiSOi6DVQs=,omdUfUuUVBD1qrjLe0gcb/vniTo=
-28,-10,6b3g4+zZbDCzMMkVca7GxKq0if8=,yE3k4mnkiKDQCwnu5AMlFgFtJgc=
-28,-11,6b3g4+zZbDCzMMkVca7GxKq0if8=,y5eQzyYBep4ciJ7GeKd24E1cT84=
-29,-10,6b3g4+zZbDCzMMkVca7GxKq0if8=,m5KLTA5a0qNDAz+cPHdbDKNFoFs=
-29,-11,6b3g4+zZbDCzMMkVca7GxKq0if8=,pbtV7UxwHbJKgjGyKEb7OiJLhrU=
-31,-11,soisSy9lhXbqVKPjdcvgYF9lazc=,R1zS1gIRB6VhhHErNy5dKJCHXDA=
-31,-10,soisSy9lhXbqVKPjdcvgYF9lazc=,amta9kVHXOBngaXUMM8CLX7O8eI=
-30,-10,soisSy9lhXbqVKPjdcvgYF9lazc=,m5KLTA5a0qNDAz+cPHdbDKNFoFs=
-30,-11,soisSy9lhXbqVKPjdcvgYF9lazc=,pbtV7UxwHbJKgjGyKEb7OiJLhrU=
-29,-13,Du0xKW8RGs0CECvpdB3Dbub5ZCU=,ijSnAna8DG2/yaI6JEF02mFc8Dk=
-28,-12,Du0xKW8RGs0CECvpdB3Dbub5ZCU=,y5eQzyYBep4ciJ7GeKd24E1cT84=
-28,-13,Du0xKW8RGs0CECvpdB3Dbub5ZCU=,/vseCPQqpjqi6yzQYVtdGUacJV4=
-29,-12,Du0xKW8RGs0CECvpdB3Dbub5ZCU=,pbtV7UxwHbJKgjGyKEb7OiJLhrU=
-31,-12,l0W7iu45xPRCP5+TDN4lB2KzXMs=,R1zS1gIRB6VhhHErNy5dKJCHXDA=
-31,-13,l0W7iu45xPRCP5+TDN4lB2KzXMs=,eMxutxVfvTtvE3i18NImser28Nw=
-30,-13,l0W7iu45xPRCP5+TDN4lB2KzXMs=,ijSnAna8DG2/yaI6JEF02mFc8Dk=
-30,-12,l0W7iu45xPRCP5+TDN4lB2KzXMs=,pbtV7UxwHbJKgjGyKEb7OiJLhrU=
-29,-15,4AFSw1isQH6khtW0y3ehJnFdU64=,xiup+3fxDYGYgSGqPcGtv+IC9zw=
-29,-14,4AFSw1isQH6khtW0y3ehJnFdU64=,ijSnAna8DG2/yaI6JEF02mFc8Dk=
-28,-15,4AFSw1isQH6khtW0y3ehJnFdU64=,Ko7j86bUp1QvveQKwl72bIMt3dQ=
-28,-14,4AFSw1isQH6khtW0y3ehJnFdU64=,/vseCPQqpjqi6yzQYVtdGUacJV4=
-27,-15,HxRfllB+WjwoFpkXFYVjh6JopJI=,Ko7j86bUp1QvveQKwl72bIMt3dQ=
-27,-14,HxRfllB+WjwoFpkXFYVjh6JopJI=,/vseCPQqpjqi6yzQYVtdGUacJV4=
-26,-14,HxRfllB+WjwoFpkXFYVjh6JopJI=,W+Bt60wpXOT+jCaQGoQBklEl/AQ=
-26,-15,HxRfllB+WjwoFpkXFYVjh6JopJI=,6GoIBmmYpEUwihonOHajoObW738=
-27,-12,+plmAvhrL3zZtRjkq89jKVFRXg4=,y5eQzyYBep4ciJ7GeKd24E1cT84=
-26,-12,+plmAvhrL3zZtRjkq89jKVFRXg4=,aMhWtZOMrxL9pza1nwCe41H9cRs=
-26,-13,+plmAvhrL3zZtRjkq89jKVFRXg4=,W+Bt60wpXOT+jCaQGoQBklEl/AQ=
-27,-13,+plmAvhrL3zZtRjkq89jKVFRXg4=,/vseCPQqpjqi6yzQYVtdGUacJV4=
-25,-12,1JfWYlMBJo2RajCVC+JoUtWH8QE=,aMhWtZOMrxL9pza1nwCe41H9cRs=
-25,-13,1JfWYlMBJo2RajCVC+JoUtWH8QE=,W+Bt60wpXOT+jCaQGoQBklEl/AQ=
-24,-12,1JfWYlMBJo2RajCVC+JoUtWH8QE=,GOUGQdwR3Q6JtWgsCGx7Y/z/aQo=
-24,-13,1JfWYlMBJo2RajCVC+JoUtWH8QE=,tQSXhU2DTuOL/lHRTwXXby7hTz8=
-24,-14,nN02232ZDz57aFn/Ph7CDC/5DNA=,tQSXhU2DTuOL/lHRTwXXby7hTz8=
-25,-15,nN02232ZDz57aFn/Ph7CDC/5DNA=,6GoIBmmYpEUwihonOHajoObW738=
-25,-14,nN02232ZDz57aFn/Ph7CDC/5DNA=,W+Bt60wpXOT+jCaQGoQBklEl/AQ=
-24,-15,nN02232ZDz57aFn/Ph7CDC/5DNA=,mqV5uSHy3pSgRjuMT+or+Z0r5xY=
-23,-12,XmsBpHbJkJhGVvZv3bjSdxbiSjk=,GOUGQdwR3Q6JtWgsCGx7Y/z/aQo=
-23,-13,XmsBpHbJkJhGVvZv3bjSdxbiSjk=,tQSXhU2DTuOL/lHRTwXXby7hTz8=
-22,-13,XmsBpHbJkJhGVvZv3bjSdxbiSjk=,AnJzEqbS4f/bhCKQQl1StDt18eE=
-22,-12,XmsBpHbJkJhGVvZv3bjSdxbiSjk=,yg5jCEy8/+Q4CRVI3d03NRlKD/g=
-23,-15,kAbYCW6dG0hPdtrDif4yX+dpRzA=,mqV5uSHy3pSgRjuMT+or+Z0r5xY=
-23,-14,kAbYCW6dG0hPdtrDif4yX+dpRzA=,tQSXhU2DTuOL/lHRTwXXby7hTz8=
-22,-14,kAbYCW6dG0hPdtrDif4yX+dpRzA=,AnJzEqbS4f/bhCKQQl1StDt18eE=
-22,-15,kAbYCW6dG0hPdtrDif4yX+dpRzA=,vi+vfAGretvtQcoHwkYGBTtsyls=
-22,-8,3c75ZTEbbrSrdWEea8rUIp6Rem0=,RrQ4qXwbQ2b0GC9sq3ao9YsgPsQ=
-23,-8,3c75ZTEbbrSrdWEea8rUIp6Rem0=,15U4iZn3WOC+lOrChsE2QCRxzrU=
-22,-9,3c75ZTEbbrSrdWEea8rUIp6Rem0=,Cc2jFoUBxHILFNWAZBwb0bIi1Wo=
-23,-11,3c75ZTEbbrSrdWEea8rUIp6Rem0=,GOUGQdwR3Q6JtWgsCGx7Y/z/aQo=
-23,-10,3c75ZTEbbrSrdWEea8rUIp6Rem0=,N5xNd6PSajm5mOE7QzxqW0LZ8QY=
-22,-10,3c75ZTEbbrSrdWEea8rUIp6Rem0=,Cc2jFoUBxHILFNWAZBwb0bIi1Wo=
-23,-9,3c75ZTEbbrSrdWEea8rUIp6Rem0=,N5xNd6PSajm5mOE7QzxqW0LZ8QY=
-22,-11,3c75ZTEbbrSrdWEea8rUIp6Rem0=,yg5jCEy8/+Q4CRVI3d03NRlKD/g=
-27,-11,ObUz+x/uIcwKSAWri99LDY+X5Ro=,y5eQzyYBep4ciJ7GeKd24E1cT84=
-27,-9,ObUz+x/uIcwKSAWri99LDY+X5Ro=,yE3k4mnkiKDQCwnu5AMlFgFtJgc=
-26,-10,ObUz+x/uIcwKSAWri99LDY+X5Ro=,dPbnaMW5q2dXzz5VBudpgQQagLs=
-24,-11,ObUz+x/uIcwKSAWri99LDY+X5Ro=,GOUGQdwR3Q6JtWgsCGx7Y/z/aQo=
-24,-9,ObUz+x/uIcwKSAWri99LDY+X5Ro=,N5xNd6PSajm5mOE7QzxqW0LZ8QY=
-25,-9,ObUz+x/uIcwKSAWri99LDY+X5Ro=,dPbnaMW5q2dXzz5VBudpgQQagLs=
-25,-11,ObUz+x/uIcwKSAWri99LDY+X5Ro=,aMhWtZOMrxL9pza1nwCe41H9cRs=
-26,-11,ObUz+x/uIcwKSAWri99LDY+X5Ro=,aMhWtZOMrxL9pza1nwCe41H9cRs=
-26,-9,ObUz+x/uIcwKSAWri99LDY+X5Ro=,dPbnaMW5q2dXzz5VBudpgQQagLs=
-27,-10,ObUz+x/uIcwKSAWri99LDY+X5Ro=,yE3k4mnkiKDQCwnu5AMlFgFtJgc=
-25,-8,ObUz+x/uIcwKSAWri99LDY+X5Ro=,2Mbe2Qk4d2tFVu1vVTYWp9fZXeM=
-24,-8,ObUz+x/uIcwKSAWri99LDY+X5Ro=,15U4iZn3WOC+lOrChsE2QCRxzrU=
-24,-10,ObUz+x/uIcwKSAWri99LDY+X5Ro=,N5xNd6PSajm5mOE7QzxqW0LZ8QY=
-26,-8,ObUz+x/uIcwKSAWri99LDY+X5Ro=,2Mbe2Qk4d2tFVu1vVTYWp9fZXeM=
-25,-10,ObUz+x/uIcwKSAWri99LDY+X5Ro=,dPbnaMW5q2dXzz5VBudpgQQagLs=
-27,-8,ObUz+x/uIcwKSAWri99LDY+X5Ro=,OJgQW0kJizRMVPf9SkXYotINOhQ=
-20,-8,ObUz+x/uIcwKSAWri99LDY+X5Ro=,eIX/xuRKYLwuFEh2lssIFPkBcA8=
-21,-8,ObUz+x/uIcwKSAWri99LDY+X5Ro=,RrQ4qXwbQ2b0GC9sq3ao9YsgPsQ=
-21,-9,ObUz+x/uIcwKSAWri99LDY+X5Ro=,Cc2jFoUBxHILFNWAZBwb0bIi1Wo=
-20,-9,ObUz+x/uIcwKSAWri99LDY+X5Ro=,mlFWvcn6AwYfQhgf69Vib/w+gsE=
-19,-8,jcnS6af26B7nzcaxjtn3HqAMF6E=,eIX/xuRKYLwuFEh2lssIFPkBcA8=
-19,-9,jcnS6af26B7nzcaxjtn3HqAMF6E=,mlFWvcn6AwYfQhgf69Vib/w+gsE=
-18,-8,jcnS6af26B7nzcaxjtn3HqAMF6E=,Rm/8Ca5EcTAxyKQrIx/O3PUcpmc=
-18,-9,jcnS6af26B7nzcaxjtn3HqAMF6E=,5s0bNgPT8i2qtFAvO6Hsend21kA=
-21,-10,kaExoV8ZoeIFFSXl3B4TVxD3XL4=,Cc2jFoUBxHILFNWAZBwb0bIi1Wo=
-20,-10,kaExoV8ZoeIFFSXl3B4TVxD3XL4=,mlFWvcn6AwYfQhgf69Vib/w+gsE=
-20,-11,kaExoV8ZoeIFFSXl3B4TVxD3XL4=,2qsgELDm3hlYKIZwZ/ASuyYRbN8=
-21,-11,kaExoV8ZoeIFFSXl3B4TVxD3XL4=,yg5jCEy8/+Q4CRVI3d03NRlKD/g=
-18,-10,MphYP8iPvrV20ZvZHfMcE541TtY=,5s0bNgPT8i2qtFAvO6Hsend21kA=
-19,-10,MphYP8iPvrV20ZvZHfMcE541TtY=,mlFWvcn6AwYfQhgf69Vib/w+gsE=
-19,-11,MphYP8iPvrV20ZvZHfMcE541TtY=,2qsgELDm3hlYKIZwZ/ASuyYRbN8=
-18,-11,MphYP8iPvrV20ZvZHfMcE541TtY=,IpdQJ9RXZ7Coq35M+kM8bPaSFQA=
-21,-12,GNiCY7WYFeeuOQhzwKHlja3h6wk=,yg5jCEy8/+Q4CRVI3d03NRlKD/g=
-21,-13,GNiCY7WYFeeuOQhzwKHlja3h6wk=,AnJzEqbS4f/bhCKQQl1StDt18eE=
-20,-13,GNiCY7WYFeeuOQhzwKHlja3h6wk=,3FGdeHqvajQSfZ4jjGG90sijvH8=
-20,-12,GNiCY7WYFeeuOQhzwKHlja3h6wk=,2qsgELDm3hlYKIZwZ/ASuyYRbN8=
-18,-12,ZH/lyHvbd70g770q5Y5UTULVXvo=,IpdQJ9RXZ7Coq35M+kM8bPaSFQA=
-19,-13,ZH/lyHvbd70g770q5Y5UTULVXvo=,3FGdeHqvajQSfZ4jjGG90sijvH8=
-19,-12,ZH/lyHvbd70g770q5Y5UTULVXvo=,2qsgELDm3hlYKIZwZ/ASuyYRbN8=
-18,-13,ZH/lyHvbd70g770q5Y5UTULVXvo=,Cbrbr9xFuvWduBhGnNTiTBOXvhQ=
-17,-12,ZH/lyHvbd70g770q5Y5UTULVXvo=,IpdQJ9RXZ7Coq35M+kM8bPaSFQA=
-17,-13,ZH/lyHvbd70g770q5Y5UTULVXvo=,Cbrbr9xFuvWduBhGnNTiTBOXvhQ=
-17,-10,ZH/lyHvbd70g770q5Y5UTULVXvo=,5s0bNgPT8i2qtFAvO6Hsend21kA=
-17,-11,ZH/lyHvbd70g770q5Y5UTULVXvo=,IpdQJ9RXZ7Coq35M+kM8bPaSFQA=
-17,-8,ZH/lyHvbd70g770q5Y5UTULVXvo=,Rm/8Ca5EcTAxyKQrIx/O3PUcpmc=
-17,-9,ZH/lyHvbd70g770q5Y5UTULVXvo=,5s0bNgPT8i2qtFAvO6Hsend21kA=
-22,-16,ZH/lyHvbd70g770q5Y5UTULVXvo=,vi+vfAGretvtQcoHwkYGBTtsyls=
-23,-16,ZH/lyHvbd70g770q5Y5UTULVXvo=,mqV5uSHy3pSgRjuMT+or+Z0r5xY=
-25,-16,ZH/lyHvbd70g770q5Y5UTULVXvo=,6GoIBmmYpEUwihonOHajoObW738=
-24,-16,ZH/lyHvbd70g770q5Y5UTULVXvo=,mqV5uSHy3pSgRjuMT+or+Z0r5xY=
-26,-16,ZH/lyHvbd70g770q5Y5UTULVXvo=,6GoIBmmYpEUwihonOHajoObW738=
-27,-16,ZH/lyHvbd70g770q5Y5UTULVXvo=,Ko7j86bUp1QvveQKwl72bIMt3dQ=
-29,-16,+2REZj/LPhjZroV7A9cDZCBgVWw=,xiup+3fxDYGYgSGqPcGtv+IC9zw=
-28,-16,+2REZj/LPhjZroV7A9cDZCBgVWw=,Ko7j86bUp1QvveQKwl72bIMt3dQ=
-21,-16,MPmrXjp4tLM7lDdzWiElxhxg94k=,vi+vfAGretvtQcoHwkYGBTtsyls=
-20,-14,MPmrXjp4tLM7lDdzWiElxhxg94k=,3FGdeHqvajQSfZ4jjGG90sijvH8=
-21,-15,MPmrXjp4tLM7lDdzWiElxhxg94k=,vi+vfAGretvtQcoHwkYGBTtsyls=
-20,-16,MPmrXjp4tLM7lDdzWiElxhxg94k=,gdiVLuJ9QTDGFjQfAhYTqMXMmVM=
-21,-14,MPmrXjp4tLM7lDdzWiElxhxg94k=,AnJzEqbS4f/bhCKQQl1StDt18eE=
-20,-15,MPmrXjp4tLM7lDdzWiElxhxg94k=,gdiVLuJ9QTDGFjQfAhYTqMXMmVM=
-32,-12,4ySX/lbCOhBgYyug4ELlh66+nVA=,R1zS1gIRB6VhhHErNy5dKJCHXDA=
-32,-13,4ySX/lbCOhBgYyug4ELlh66+nVA=,eMxutxVfvTtvE3i18NImser28Nw=
-32,-11,4ySX/lbCOhBgYyug4ELlh66+nVA=,R1zS1gIRB6VhhHErNy5dKJCHXDA=
-32,-10,4ySX/lbCOhBgYyug4ELlh66+nVA=,amta9kVHXOBngaXUMM8CLX7O8eI=
-32,-9,4ySX/lbCOhBgYyug4ELlh66+nVA=,amta9kVHXOBngaXUMM8CLX7O8eI=
-32,-8,4ySX/lbCOhBgYyug4ELlh66+nVA=,6HtOuY2wNelwGQ1/yu7a2SGnmiE=
-18,-15,jzEqZWqAz5diaWMeEl2OdRenz0Y=,kejmcWiCnDziGUCIddbGu+lG2uI=
-17,-15,jzEqZWqAz5diaWMeEl2OdRenz0Y=,kejmcWiCnDziGUCIddbGu+lG2uI=
-17,-14,jzEqZWqAz5diaWMeEl2OdRenz0Y=,Cbrbr9xFuvWduBhGnNTiTBOXvhQ=
-19,-14,jzEqZWqAz5diaWMeEl2OdRenz0Y=,3FGdeHqvajQSfZ4jjGG90sijvH8=
-17,-16,jzEqZWqAz5diaWMeEl2OdRenz0Y=,kejmcWiCnDziGUCIddbGu+lG2uI=
-19,-15,jzEqZWqAz5diaWMeEl2OdRenz0Y=,gdiVLuJ9QTDGFjQfAhYTqMXMmVM=
-18,-16,jzEqZWqAz5diaWMeEl2OdRenz0Y=,kejmcWiCnDziGUCIddbGu+lG2uI=
-19,-16,jzEqZWqAz5diaWMeEl2OdRenz0Y=,gdiVLuJ9QTDGFjQfAhYTqMXMmVM=
-18,-14,jzEqZWqAz5diaWMeEl2OdRenz0Y=,Cbrbr9xFuvWduBhGnNTiTBOXvhQ=
-17,-7,O7+24k1fvXigVsztqSRLfne5WIg=,Rm/8Ca5EcTAxyKQrIx/O3PUcpmc=
-17,-6,O7+24k1fvXigVsztqSRLfne5WIg=,38M5JfD29zTfNm7LOWf8uH3g1tQ=
-32,-1,O7+24k1fvXigVsztqSRLfne5WIg=,3hr0HPuhOsNmnJVJjxzS4Vn8Whc=
-31,-15,v8OVmQg05HWdW0v8iaoVROQ2ddY=,2PP6Ohabv/HkFV4txreOZdHVHXY=
-32,-14,v8OVmQg05HWdW0v8iaoVROQ2ddY=,eMxutxVfvTtvE3i18NImser28Nw=
-32,-15,v8OVmQg05HWdW0v8iaoVROQ2ddY=,2PP6Ohabv/HkFV4txreOZdHVHXY=
-32,-16,v8OVmQg05HWdW0v8iaoVROQ2ddY=,2PP6Ohabv/HkFV4txreOZdHVHXY=
-30,-14,v8OVmQg05HWdW0v8iaoVROQ2ddY=,ijSnAna8DG2/yaI6JEF02mFc8Dk=
-30,-15,v8OVmQg05HWdW0v8iaoVROQ2ddY=,xiup+3fxDYGYgSGqPcGtv+IC9zw=
-31,-16,v8OVmQg05HWdW0v8iaoVROQ2ddY=,2PP6Ohabv/HkFV4txreOZdHVHXY=
-30,-16,v8OVmQg05HWdW0v8iaoVROQ2ddY=,xiup+3fxDYGYgSGqPcGtv+IC9zw=
-31,-14,v8OVmQg05HWdW0v8iaoVROQ2ddY=,eMxutxVfvTtvE3i18NImser28Nw=
-19,-1,Aa+OUoieDg2V0Z0yazOMUORxIdg=,8wiOiNdfLvJm6Zvgxx+p1pirF8I=
-18,-1,Aa+OUoieDg2V0Z0yazOMUORxIdg=,VJ5VZ7QTnsomOFhRgnj6esz8Fwk=
-17,-1,Aa+OUoieDg2V0Z0yazOMUORxIdg=,VJ5VZ7QTnsomOFhRgnj6esz8Fwk=
-18,-5,Aa+OUoieDg2V0Z0yazOMUORxIdg=,38M5JfD29zTfNm7LOWf8uH3g1tQ=
-17,-2,Aa+OUoieDg2V0Z0yazOMUORxIdg=,VJ5VZ7QTnsomOFhRgnj6esz8Fwk=
-17,-3,Aa+OUoieDg2V0Z0yazOMUORxIdg=,cREXbmUtchL3MqNFmGGMFnSRj1c=
-17,-5,Aa+OUoieDg2V0Z0yazOMUORxIdg=,38M5JfD29zTfNm7LOWf8uH3g1tQ=
-17,-4,Aa+OUoieDg2V0Z0yazOMUORxIdg=,cREXbmUtchL3MqNFmGGMFnSRj1c=
-19,-2,Aa+OUoieDg2V0Z0yazOMUORxIdg=,8wiOiNdfLvJm6Zvgxx+p1pirF8I=
-19,-5,Aa+OUoieDg2V0Z0yazOMUORxIdg=,xg/IIh+db+aL13c/ENZBHpCp9w8=
-19,-3,Aa+OUoieDg2V0Z0yazOMUORxIdg=,MP5YW4bjhQK5x+4V7Fn2xZrIrgc=
-18,-3,Aa+OUoieDg2V0Z0yazOMUORxIdg=,cREXbmUtchL3MqNFmGGMFnSRj1c=
-18,-2,Aa+OUoieDg2V0Z0yazOMUORxIdg=,VJ5VZ7QTnsomOFhRgnj6esz8Fwk=
-19,-4,Aa+OUoieDg2V0Z0yazOMUORxIdg=,MP5YW4bjhQK5x+4V7Fn2xZrIrgc=
-18,-4,Aa+OUoieDg2V0Z0yazOMUORxIdg=,cREXbmUtchL3MqNFmGGMFnSRj1c=
