2,1,+eeEBwV/q6le7lpq3xKJNUDCsjg=,SI8SJQZwh6Zs2lp+070xVEf/n48=
1,1,+eeEBwV/q6le7lpq3xKJNUDCsjg=,oBMbKiUKt6To1FX6MGCbw3WgoiM=
1,2,+eeEBwV/q6le7lpq3xKJNUDCsjg=,V6XLBjPVfvD7Dc2wvQ2L+bpMAEg=
2,2,+eeEBwV/q6le7lpq3xKJNUDCsjg=,H7TUP3zJnXinDpNFcYNAIB6R5Qk=
2,3,OMnPUd45kl8V5jFb8GHzMElyVuY=,H7TUP3zJnXinDpNFcYNAIB6R5Qk=
1,3,OMnPUd45kl8V5jFb8GHzMElyVuY=,V6XLBjPVfvD7Dc2wvQ2L+bpMAEg=
2,4,OMnPUd45kl8V5jFb8GHzMElyVuY=,3CDaNp+mbIaKJkGqgWFJBvvKRSU=
1,4,OMnPUd45kl8V5jFb8GHzMElyVuY=,5mKe9nnjepHlWKFfB5qOm7cOMI8=
1,6,OMnPUd45kl8V5jFb8GHzMElyVuY=,QOxOwJGyuMDtif+BnnHcxw18P3Q=
2,5,OMnPUd45kl8V5jFb8GHzMElyVuY=,3CDaNp+mbIaKJkGqgWFJBvvKRSU=
1,5,OMnPUd45kl8V5jFb8GHzMElyVuY=,5mKe9nnjepHlWKFfB5qOm7cOMI8=
2,6,OMnPUd45kl8V5jFb8GHzMElyVuY=,/uv4pbDLvXRIRSxG1SF/eMBdshg=
2,7,X0TudrLeZ2UUZDmCpUhg3WAvfAY=,/uv4pbDLvXRIRSxG1SF/eMBdshg=
1,7,X0TudrLeZ2UUZDmCpUhg3WAvfAY=,QOxOwJGyuMDtif+BnnHcxw18P3Q=
1,8,X0TudrLeZ2UUZDmCpUhg3WAvfAY=,pY1KIH0ot381SzyidWsGmqTHp3Q=
2,8,X0TudrLeZ2UUZDmCpUhg3WAvfAY=,VbbYeWymS+SQG7z6VgfSXtXIOlo=
1,9,CNPIsJ2psRzEBOZtIfgiriU/Nqw=,pY1KIH0ot381SzyidWsGmqTHp3Q=
2,9,CNPIsJ2psRzEBOZtIfgiriU/Nqw=,VbbYeWymS+SQG7z6VgfSXtXIOlo=
1,10,CNPIsJ2psRzEBOZtIfgiriU/Nqw=,6HG+qVtNClLS3jSSviEUG+Xzbig=
2,10,CNPIsJ2psRzEBOZtIfgiriU/Nqw=,u6eVpfzqQMfBMV6+fByI0XyF80U=
2,12,aXm/+bJQDmIEOFpjk1FB7Pgeqn8=,PwKbgdeWHitXwZFr1UKoopMdQMQ=
1,11,aXm/+bJQDmIEOFpjk1FB7Pgeqn8=,6HG+qVtNClLS3jSSviEUG+Xzbig=
2,11,aXm/+bJQDmIEOFpjk1FB7Pgeqn8=,u6eVpfzqQMfBMV6+fByI0XyF80U=
1,12,aXm/+bJQDmIEOFpjk1FB7Pgeqn8=,8rpOMMAf8WQG9ZwanYZUDaNr8eA=
2,13,MMdcBT93WpQabsj2mvnQfYZDjg8=,PwKbgdeWHitXwZFr1UKoopMdQMQ=
1,13,MMdcBT93WpQabsj2mvnQfYZDjg8=,8rpOMMAf8WQG9ZwanYZUDaNr8eA=
2,14,MMdcBT93WpQabsj2mvnQfYZDjg8=,KC9T0ZUgvzAMReaky/jmXWD+Acw=
1,14,MMdcBT93WpQabsj2mvnQfYZDjg8=,jhGsdkMlhCOCTkAlgssQ/lsrc/M=
3,13,XbMmjzolJSI41tjXi7JYydqV7po=,PwKbgdeWHitXwZFr1UKoopMdQMQ=
4,14,XbMmjzolJSI41tjXi7JYydqV7po=,xo4LLw+DfDWReU0Lb9PUngcV1Zw=
4,13,XbMmjzolJSI41tjXi7JYydqV7po=,H69/gJAHqImr6fNhB7r4vdmUDIQ=
3,14,XbMmjzolJSI41tjXi7JYydqV7po=,KC9T0ZUgvzAMReaky/jmXWD+Acw=
3,11,OSTjSUT/9yASEWYdo5PLLBIBoac=,u6eVpfzqQMfBMV6+fByI0XyF80U=
4,12,OSTjSUT/9yASEWYdo5PLLBIBoac=,H69/gJAHqImr6fNhB7r4vdmUDIQ=
4,11,OSTjSUT/9yASEWYdo5PLLBIBoac=,hi6WNcPWbRU0zqSXa4qr6Kg6iGM=
3,12,OSTjSUT/9yASEWYdo5PLLBIBoac=,PwKbgdeWHitXwZFr1UKoopMdQMQ=
4,9,snE4ewmE96RR/v5KxBlaEXinjSI=,kz7fZhJGDx7TTXXlGGcuEpi+Suo=
3,9,snE4ewmE96RR/v5KxBlaEXinjSI=,VbbYeWymS+SQG7z6VgfSXtXIOlo=
3,10,snE4ewmE96RR/v5KxBlaEXinjSI=,u6eVpfzqQMfBMV6+fByI0XyF80U=
4,10,snE4ewmE96RR/v5KxBlaEXinjSI=,hi6WNcPWbRU0zqSXa4qr6Kg6iGM=
3,6,T3ANoduj6O4DeyWzpmbRbmuSlN8=,/uv4pbDLvXRIRSxG1SF/eMBdshg=
4,8,T3ANoduj6O4DeyWzpmbRbmuSlN8=,kz7fZhJGDx7TTXXlGGcuEpi+Suo=
3,5,T3ANoduj6O4DeyWzpmbRbmuSlN8=,3CDaNp+mbIaKJkGqgWFJBvvKRSU=
3,7,T3ANoduj6O4DeyWzpmbRbmuSlN8=,/uv4pbDLvXRIRSxG1SF/eMBdshg=
3,8,T3ANoduj6O4DeyWzpmbRbmuSlN8=,VbbYeWymS+SQG7z6VgfSXtXIOlo=
4,7,T3ANoduj6O4DeyWzpmbRbmuSlN8=,nLHMSVPVctj1yuMJPJkmlUcMcK4=
4,6,T3ANoduj6O4DeyWzpmbRbmuSlN8=,nLHMSVPVctj1yuMJPJkmlUcMcK4=
4,5,T3ANoduj6O4DeyWzpmbRbmuSlN8=,brUnVDYNuKr7XNREf3Ct8xWIRSw=
4,3,L97g40otGKJ0wOwry32BzXI0c9I=,hmfZplCiyem0uzncA5IgJr7C3Is=
3,3,L97g40otGKJ0wOwry32BzXI0c9I=,H7TUP3zJnXinDpNFcYNAIB6R5Qk=
3,4,L97g40otGKJ0wOwry32BzXI0c9I=,3CDaNp+mbIaKJkGqgWFJBvvKRSU=
4,4,L97g40otGKJ0wOwry32BzXI0c9I=,brUnVDYNuKr7XNREf3Ct8xWIRSw=
3,2,N50NYHAnMQkr3WYlvtuMOnzhSpc=,H7TUP3zJnXinDpNFcYNAIB6R5Qk=
4,2,N50NYHAnMQkr3WYlvtuMOnzhSpc=,hmfZplCiyem0uzncA5IgJr7C3Is=
3,1,N50NYHAnMQkr3WYlvtuMOnzhSpc=,SI8SJQZwh6Zs2lp+070xVEf/n48=
4,1,N50NYHAnMQkr3WYlvtuMOnzhSpc=,9HE63Zv5MiQM3taPOeMLkzAaWQ8=
5,4,HKka4to8ybJIoS1YUFL9/fMAq1A=,brUnVDYNuKr7XNREf3Ct8xWIRSw=
5,3,HKka4to8ybJIoS1YUFL9/fMAq1A=,hmfZplCiyem0uzncA5IgJr7C3Is=
6,3,HKka4to8ybJIoS1YUFL9/fMAq1A=,iCunLzNPkwLMkl2TBmK59tvrhfs=
6,4,HKka4to8ybJIoS1YUFL9/fMAq1A=,nb3a2lPeztTqnXPpQzF0h1qFi70=
6,5,xao69GiNnKISa8eD9vfkes9/1CU=,nb3a2lPeztTqnXPpQzF0h1qFi70=
5,6,xao69GiNnKISa8eD9vfkes9/1CU=,nLHMSVPVctj1yuMJPJkmlUcMcK4=
6,6,xao69GiNnKISa8eD9vfkes9/1CU=,5TnfrVRlA1+OPXXZ8JHdJ29VN+s=
5,5,xao69GiNnKISa8eD9vfkes9/1CU=,brUnVDYNuKr7XNREf3Ct8xWIRSw=
6,1,aOFQ0+B72ZDVHvEFsl9uvW54CFc=,Kw+q7ybvA2U7/BI0QTmlM4Ww8BA=
6,2,aOFQ0+B72ZDVHvEFsl9uvW54CFc=,iCunLzNPkwLMkl2TBmK59tvrhfs=
5,1,aOFQ0+B72ZDVHvEFsl9uvW54CFc=,9HE63Zv5MiQM3taPOeMLkzAaWQ8=
5,2,aOFQ0+B72ZDVHvEFsl9uvW54CFc=,hmfZplCiyem0uzncA5IgJr7C3Is=
5,8,ldEhy7OiQB1/NlYbUeKz30Zgj9E=,kz7fZhJGDx7TTXXlGGcuEpi+Suo=
6,7,ldEhy7OiQB1/NlYbUeKz30Zgj9E=,5TnfrVRlA1+OPXXZ8JHdJ29VN+s=
5,7,ldEhy7OiQB1/NlYbUeKz30Zgj9E=,nLHMSVPVctj1yuMJPJkmlUcMcK4=
6,8,ldEhy7OiQB1/NlYbUeKz30Zgj9E=,8Eamv470cHyRDf/hMbJgTqPbpsw=
6,9,4y9VfzJpolGlXZuQVKSAWIwsK3Y=,8Eamv470cHyRDf/hMbJgTqPbpsw=
5,9,4y9VfzJpolGlXZuQVKSAWIwsK3Y=,kz7fZhJGDx7TTXXlGGcuEpi+Suo=
5,12,4y9VfzJpolGlXZuQVKSAWIwsK3Y=,H69/gJAHqImr6fNhB7r4vdmUDIQ=
5,10,4y9VfzJpolGlXZuQVKSAWIwsK3Y=,hi6WNcPWbRU0zqSXa4qr6Kg6iGM=
5,11,4y9VfzJpolGlXZuQVKSAWIwsK3Y=,hi6WNcPWbRU0zqSXa4qr6Kg6iGM=
6,12,4y9VfzJpolGlXZuQVKSAWIwsK3Y=,rGrjg7GIW9xQR61m6OU+FrU1WgQ=
6,11,4y9VfzJpolGlXZuQVKSAWIwsK3Y=,z10IFIeUiYVmDuCYJFMvwaUOWxI=
6,10,4y9VfzJpolGlXZuQVKSAWIwsK3Y=,z10IFIeUiYVmDuCYJFMvwaUOWxI=
5,14,vRake3yHljtxoqeCm2AXvb7cjOY=,xo4LLw+DfDWReU0Lb9PUngcV1Zw=
5,13,vRake3yHljtxoqeCm2AXvb7cjOY=,H69/gJAHqImr6fNhB7r4vdmUDIQ=
6,13,vRake3yHljtxoqeCm2AXvb7cjOY=,rGrjg7GIW9xQR61m6OU+FrU1WgQ=
6,14,vRake3yHljtxoqeCm2AXvb7cjOY=,2fNX+he4fY7s8fyfZEqX+DhaVQs=
7,9,9CJqiHs/25RDz2bzz7yN8yEaCrk=,8Eamv470cHyRDf/hMbJgTqPbpsw=
7,10,9CJqiHs/25RDz2bzz7yN8yEaCrk=,z10IFIeUiYVmDuCYJFMvwaUOWxI=
8,9,9CJqiHs/25RDz2bzz7yN8yEaCrk=,aLsFQhFOStuCoCZHWRXvqnOYXxQ=
8,10,9CJqiHs/25RDz2bzz7yN8yEaCrk=,BLwFYJprIogAC1l3c3OVeb3ABf8=
8,11,+n8Nt4ZcvIk76SoVXEVQzKN8DHk=,BLwFYJprIogAC1l3c3OVeb3ABf8=
7,11,+n8Nt4ZcvIk76SoVXEVQzKN8DHk=,z10IFIeUiYVmDuCYJFMvwaUOWxI=
8,12,+n8Nt4ZcvIk76SoVXEVQzKN8DHk=,KPb1enKIBApcC9A+6chf8a42fpg=
7,12,+n8Nt4ZcvIk76SoVXEVQzKN8DHk=,rGrjg7GIW9xQR61m6OU+FrU1WgQ=
7,14,RW8hUBES1QgnyJjS+BfxFCIKCKE=,2fNX+he4fY7s8fyfZEqX+DhaVQs=
7,13,RW8hUBES1QgnyJjS+BfxFCIKCKE=,rGrjg7GIW9xQR61m6OU+FrU1WgQ=
8,13,RW8hUBES1QgnyJjS+BfxFCIKCKE=,KPb1enKIBApcC9A+6chf8a42fpg=
8,14,RW8hUBES1QgnyJjS+BfxFCIKCKE=,keTTmD8eWa9l6WDfOVZZ0HbgqGY=
8,7,GP/yKC5DxXUlYbm9XUhCV5RvALE=,lsc2/0zBIw76C6X15f9Zt9Nqmkg=
8,8,GP/yKC5DxXUlYbm9XUhCV5RvALE=,aLsFQhFOStuCoCZHWRXvqnOYXxQ=
7,7,GP/yKC5DxXUlYbm9XUhCV5RvALE=,5TnfrVRlA1+OPXXZ8JHdJ29VN+s=
7,8,GP/yKC5DxXUlYbm9XUhCV5RvALE=,8Eamv470cHyRDf/hMbJgTqPbpsw=
7,5,cV/ulBSBD4kvzu5jDTZp8aXgLSA=,nb3a2lPeztTqnXPpQzF0h1qFi70=
8,6,cV/ulBSBD4kvzu5jDTZp8aXgLSA=,lsc2/0zBIw76C6X15f9Zt9Nqmkg=
7,6,cV/ulBSBD4kvzu5jDTZp8aXgLSA=,5TnfrVRlA1+OPXXZ8JHdJ29VN+s=
8,5,cV/ulBSBD4kvzu5jDTZp8aXgLSA=,zGG0HCFuCQEEklS0jsIDJHAPJa4=
7,3,dfPWOvZgtSJp7nqJeJdMnvgiDC0=,iCunLzNPkwLMkl2TBmK59tvrhfs=
8,3,dfPWOvZgtSJp7nqJeJdMnvgiDC0=,Pek5zdluK8yV6KqkNzFRM/EZcmQ=
7,4,dfPWOvZgtSJp7nqJeJdMnvgiDC0=,nb3a2lPeztTqnXPpQzF0h1qFi70=
8,4,dfPWOvZgtSJp7nqJeJdMnvgiDC0=,zGG0HCFuCQEEklS0jsIDJHAPJa4=
8,2,ZMLyb8PptB5kIknF32zyz6duxrA=,Pek5zdluK8yV6KqkNzFRM/EZcmQ=
7,1,ZMLyb8PptB5kIknF32zyz6duxrA=,Kw+q7ybvA2U7/BI0QTmlM4Ww8BA=
8,1,ZMLyb8PptB5kIknF32zyz6duxrA=,xoyRoeOCng99BwEVIHjHCle3UiA=
7,2,ZMLyb8PptB5kIknF32zyz6duxrA=,iCunLzNPkwLMkl2TBmK59tvrhfs=
10,5,b8x85CSdJ0Pc4h0Z3+/7pN89X1A=,mNHYDhReB5Rpb1Fa96s+puC+ogE=
10,6,b8x85CSdJ0Pc4h0Z3+/7pN89X1A=,U3NI6jQW+M00/OenFtl/A4xl8Fg=
9,5,b8x85CSdJ0Pc4h0Z3+/7pN89X1A=,zGG0HCFuCQEEklS0jsIDJHAPJa4=
9,6,b8x85CSdJ0Pc4h0Z3+/7pN89X1A=,lsc2/0zBIw76C6X15f9Zt9Nqmkg=
9,4,tp12VTksr1NblASNKAjHkuyhC2k=,zGG0HCFuCQEEklS0jsIDJHAPJa4=
9,3,tp12VTksr1NblASNKAjHkuyhC2k=,Pek5zdluK8yV6KqkNzFRM/EZcmQ=
10,4,tp12VTksr1NblASNKAjHkuyhC2k=,mNHYDhReB5Rpb1Fa96s+puC+ogE=
10,3,tp12VTksr1NblASNKAjHkuyhC2k=,e7UsOs8GEm8F3q/GDIFxpTIjjtg=
9,2,tp12VTksr1NblASNKAjHkuyhC2k=,Pek5zdluK8yV6KqkNzFRM/EZcmQ=
10,2,tp12VTksr1NblASNKAjHkuyhC2k=,e7UsOs8GEm8F3q/GDIFxpTIjjtg=
10,1,tp12VTksr1NblASNKAjHkuyhC2k=,lo/P0oIb7BhE7GlcyURmil3p+QI=
9,1,tp12VTksr1NblASNKAjHkuyhC2k=,xoyRoeOCng99BwEVIHjHCle3UiA=
9,7,3iCAj935qoXSd8OIAgbcluzgiak=,lsc2/0zBIw76C6X15f9Zt9Nqmkg=
10,7,3iCAj935qoXSd8OIAgbcluzgiak=,U3NI6jQW+M00/OenFtl/A4xl8Fg=
10,8,3iCAj935qoXSd8OIAgbcluzgiak=,IrTJ/MtCXh8SdAsv6SnxTzNFX1M=
9,8,3iCAj935qoXSd8OIAgbcluzgiak=,aLsFQhFOStuCoCZHWRXvqnOYXxQ=
10,9,zupybuSqeaHakBxvNF8+3tI9eQQ=,IrTJ/MtCXh8SdAsv6SnxTzNFX1M=
9,9,zupybuSqeaHakBxvNF8+3tI9eQQ=,aLsFQhFOStuCoCZHWRXvqnOYXxQ=
9,10,zupybuSqeaHakBxvNF8+3tI9eQQ=,BLwFYJprIogAC1l3c3OVeb3ABf8=
10,10,zupybuSqeaHakBxvNF8+3tI9eQQ=,dWHhf+DsJZUePZQ6N6PsnTiueHI=
10,11,cdkt/8j25PzYXJwPZGYdmMZ7v+4=,dWHhf+DsJZUePZQ6N6PsnTiueHI=
10,12,cdkt/8j25PzYXJwPZGYdmMZ7v+4=,T0UK3tG6QaRxOpC5Wv3jK1ySfyw=
9,11,cdkt/8j25PzYXJwPZGYdmMZ7v+4=,BLwFYJprIogAC1l3c3OVeb3ABf8=
9,12,cdkt/8j25PzYXJwPZGYdmMZ7v+4=,KPb1enKIBApcC9A+6chf8a42fpg=
10,13,l3p3of6DnxDepz8uDiAbY5mHYrI=,T0UK3tG6QaRxOpC5Wv3jK1ySfyw=
9,13,l3p3of6DnxDepz8uDiAbY5mHYrI=,KPb1enKIBApcC9A+6chf8a42fpg=
9,14,l3p3of6DnxDepz8uDiAbY5mHYrI=,keTTmD8eWa9l6WDfOVZZ0HbgqGY=
10,14,l3p3of6DnxDepz8uDiAbY5mHYrI=,+0674GP1SED6the6VPS0AU+jIBQ=
11,9,Vw5ooEikj/fhZQZdiQMQcFke/So=,IrTJ/MtCXh8SdAsv6SnxTzNFX1M=
12,9,Vw5ooEikj/fhZQZdiQMQcFke/So=,tE3rDt38NRneIavt2JsN6lpHs8Q=
12,10,Vw5ooEikj/fhZQZdiQMQcFke/So=,AAUwfcYVv3GTPDzOfKEB0ySf8kc=
11,10,Vw5ooEikj/fhZQZdiQMQcFke/So=,dWHhf+DsJZUePZQ6N6PsnTiueHI=
11,11,7ywVeSX3o0Yjc5Y7gdaLZWzR5fM=,dWHhf+DsJZUePZQ6N6PsnTiueHI=
12,11,7ywVeSX3o0Yjc5Y7gdaLZWzR5fM=,AAUwfcYVv3GTPDzOfKEB0ySf8kc=
11,12,7ywVeSX3o0Yjc5Y7gdaLZWzR5fM=,T0UK3tG6QaRxOpC5Wv3jK1ySfyw=
12,12,7ywVeSX3o0Yjc5Y7gdaLZWzR5fM=,3sQpGL77pKQnW2FGSJHmVRSgkkA=
11,14,VVwyW5cwsh0JkXxXkVzc8ZGOB3w=,+0674GP1SED6the6VPS0AU+jIBQ=
11,13,VVwyW5cwsh0JkXxXkVzc8ZGOB3w=,T0UK3tG6QaRxOpC5Wv3jK1ySfyw=
12,13,VVwyW5cwsh0JkXxXkVzc8ZGOB3w=,3sQpGL77pKQnW2FGSJHmVRSgkkA=
12,14,VVwyW5cwsh0JkXxXkVzc8ZGOB3w=,T8a61FZeNSeU9lu5RhEO4617pNQ=
12,7,/xaz1jgTl/waqLBm8boq3hdKbIE=,Nby2ClnIZzLSTaAu36bIvHZgFfw=
12,8,/xaz1jgTl/waqLBm8boq3hdKbIE=,tE3rDt38NRneIavt2JsN6lpHs8Q=
11,7,/xaz1jgTl/waqLBm8boq3hdKbIE=,U3NI6jQW+M00/OenFtl/A4xl8Fg=
11,8,/xaz1jgTl/waqLBm8boq3hdKbIE=,IrTJ/MtCXh8SdAsv6SnxTzNFX1M=
12,6,9wKjyS5WWknL++hI/y/YjmbGRHs=,Nby2ClnIZzLSTaAu36bIvHZgFfw=
11,6,9wKjyS5WWknL++hI/y/YjmbGRHs=,U3NI6jQW+M00/OenFtl/A4xl8Fg=
11,5,9wKjyS5WWknL++hI/y/YjmbGRHs=,mNHYDhReB5Rpb1Fa96s+puC+ogE=
12,5,9wKjyS5WWknL++hI/y/YjmbGRHs=,KWdCechlQrEbgehxwH2ivLv+ElI=
11,4,5653XLBI2kcw3cCDyWLwwUvv85w=,mNHYDhReB5Rpb1Fa96s+puC+ogE=
11,3,5653XLBI2kcw3cCDyWLwwUvv85w=,e7UsOs8GEm8F3q/GDIFxpTIjjtg=
12,3,5653XLBI2kcw3cCDyWLwwUvv85w=,/+4gvDu33gbCdSZMvsvTUocL24c=
12,4,5653XLBI2kcw3cCDyWLwwUvv85w=,KWdCechlQrEbgehxwH2ivLv+ElI=
12,2,aaqNEt5U5w2F1RUGNAVe5wdNhdI=,/+4gvDu33gbCdSZMvsvTUocL24c=
11,1,aaqNEt5U5w2F1RUGNAVe5wdNhdI=,lo/P0oIb7BhE7GlcyURmil3p+QI=
11,2,aaqNEt5U5w2F1RUGNAVe5wdNhdI=,e7UsOs8GEm8F3q/GDIFxpTIjjtg=
12,1,aaqNEt5U5w2F1RUGNAVe5wdNhdI=,S/MqiuN28KuhCYgjmOGZduCJyUk=
14,6,N0itHaTeWNmkHv0UBkeRyzm9iv4=,7tsfw/n/kso1+xHfIPfpto5YK6A=
14,5,N0itHaTeWNmkHv0UBkeRyzm9iv4=,I3Nopxke8W+LpFrPU/tHB41na4I=
13,6,N0itHaTeWNmkHv0UBkeRyzm9iv4=,Nby2ClnIZzLSTaAu36bIvHZgFfw=
13,5,N0itHaTeWNmkHv0UBkeRyzm9iv4=,KWdCechlQrEbgehxwH2ivLv+ElI=
14,3,R87M/183NkTcPRysICciX34vKEo=,2aWNOvskaYWiZPkhWyegOa/Jl9s=
14,4,R87M/183NkTcPRysICciX34vKEo=,I3Nopxke8W+LpFrPU/tHB41na4I=
13,3,R87M/183NkTcPRysICciX34vKEo=,/+4gvDu33gbCdSZMvsvTUocL24c=
13,4,R87M/183NkTcPRysICciX34vKEo=,KWdCechlQrEbgehxwH2ivLv+ElI=
14,2,tMr4QakF0AdQfujdqt7A+IUIIPY=,2aWNOvskaYWiZPkhWyegOa/Jl9s=
13,1,tMr4QakF0AdQfujdqt7A+IUIIPY=,S/MqiuN28KuhCYgjmOGZduCJyUk=
13,2,tMr4QakF0AdQfujdqt7A+IUIIPY=,/+4gvDu33gbCdSZMvsvTUocL24c=
14,1,tMr4QakF0AdQfujdqt7A+IUIIPY=,FtVgW13OvJgjv5i/vwWiE3Q513E=
13,8,/bYuoqBshZyBe1gCO6HHmBnARY0=,tE3rDt38NRneIavt2JsN6lpHs8Q=
13,7,/bYuoqBshZyBe1gCO6HHmBnARY0=,Nby2ClnIZzLSTaAu36bIvHZgFfw=
14,7,/bYuoqBshZyBe1gCO6HHmBnARY0=,7tsfw/n/kso1+xHfIPfpto5YK6A=
14,8,/bYuoqBshZyBe1gCO6HHmBnARY0=,k1G1ABbmPhB1H/gdXFlg5+n93pg=
13,12,jIYJ3cRO14HYqJS/0N2kr9kSAPo=,3sQpGL77pKQnW2FGSJHmVRSgkkA=
13,10,jIYJ3cRO14HYqJS/0N2kr9kSAPo=,AAUwfcYVv3GTPDzOfKEB0ySf8kc=
14,9,jIYJ3cRO14HYqJS/0N2kr9kSAPo=,k1G1ABbmPhB1H/gdXFlg5+n93pg=
13,11,jIYJ3cRO14HYqJS/0N2kr9kSAPo=,AAUwfcYVv3GTPDzOfKEB0ySf8kc=
15,11,jIYJ3cRO14HYqJS/0N2kr9kSAPo=,u1UVpbh8vlTjQZHi6AHP7+HVAmE=
13,9,jIYJ3cRO14HYqJS/0N2kr9kSAPo=,tE3rDt38NRneIavt2JsN6lpHs8Q=
14,11,jIYJ3cRO14HYqJS/0N2kr9kSAPo=,u1UVpbh8vlTjQZHi6AHP7+HVAmE=
14,12,jIYJ3cRO14HYqJS/0N2kr9kSAPo=,iXIbNTgeq2hARhmCDy3eizZvmJY=
15,12,jIYJ3cRO14HYqJS/0N2kr9kSAPo=,iXIbNTgeq2hARhmCDy3eizZvmJY=
14,10,jIYJ3cRO14HYqJS/0N2kr9kSAPo=,u1UVpbh8vlTjQZHi6AHP7+HVAmE=
11,15,xKamg7CVJb664MYm5N3rhO1+Cks=,+0674GP1SED6the6VPS0AU+jIBQ=
12,15,xKamg7CVJb664MYm5N3rhO1+Cks=,T8a61FZeNSeU9lu5RhEO4617pNQ=
10,15,xKamg7CVJb664MYm5N3rhO1+Cks=,+0674GP1SED6the6VPS0AU+jIBQ=
9,15,xKamg7CVJb664MYm5N3rhO1+Cks=,keTTmD8eWa9l6WDfOVZZ0HbgqGY=
8,15,xKamg7CVJb664MYm5N3rhO1+Cks=,keTTmD8eWa9l6WDfOVZZ0HbgqGY=
7,15,xKamg7CVJb664MYm5N3rhO1+Cks=,2fNX+he4fY7s8fyfZEqX+DhaVQs=
6,15,xKamg7CVJb664MYm5N3rhO1+Cks=,2fNX+he4fY7s8fyfZEqX+DhaVQs=
5,15,xKamg7CVJb664MYm5N3rhO1+Cks=,xo4LLw+DfDWReU0Lb9PUngcV1Zw=
4,15,xKamg7CVJb664MYm5N3rhO1+Cks=,xo4LLw+DfDWReU0Lb9PUngcV1Zw=
3,15,xKamg7CVJb664MYm5N3rhO1+Cks=,KC9T0ZUgvzAMReaky/jmXWD+Acw=
1,15,xKamg7CVJb664MYm5N3rhO1+Cks=,jhGsdkMlhCOCTkAlgssQ/lsrc/M=
2,15,xKamg7CVJb664MYm5N3rhO1+Cks=,KC9T0ZUgvzAMReaky/jmXWD+Acw=
0,14,dWFv0fbPneImxQujVVjK0/U5LZY=,jhGsdkMlhCOCTkAlgssQ/lsrc/M=
0,13,dWFv0fbPneImxQujVVjK0/U5LZY=,8rpOMMAf8WQG9ZwanYZUDaNr8eA=
15,13,dWFv0fbPneImxQujVVjK0/U5LZY=,iXIbNTgeq2hARhmCDy3eizZvmJY=
0,11,dWFv0fbPneImxQujVVjK0/U5LZY=,6HG+qVtNClLS3jSSviEUG+Xzbig=
0,12,vD4N3ygt+5n0qwpwJmwh7yctYLw=,8rpOMMAf8WQG9ZwanYZUDaNr8eA=
13,13,vD4N3ygt+5n0qwpwJmwh7yctYLw=,3sQpGL77pKQnW2FGSJHmVRSgkkA=
14,13,vD4N3ygt+5n0qwpwJmwh7yctYLw=,iXIbNTgeq2hARhmCDy3eizZvmJY=
13,14,vD4N3ygt+5n0qwpwJmwh7yctYLw=,T8a61FZeNSeU9lu5RhEO4617pNQ=
15,14,vD4N3ygt+5n0qwpwJmwh7yctYLw=,qNZ2RZRrDMp2pYccVfPSCcyVjv0=
14,15,vD4N3ygt+5n0qwpwJmwh7yctYLw=,qNZ2RZRrDMp2pYccVfPSCcyVjv0=
13,15,vD4N3ygt+5n0qwpwJmwh7yctYLw=,T8a61FZeNSeU9lu5RhEO4617pNQ=
14,14,vD4N3ygt+5n0qwpwJmwh7yctYLw=,qNZ2RZRrDMp2pYccVfPSCcyVjv0=
0,9,vD4N3ygt+5n0qwpwJmwh7yctYLw=,pY1KIH0ot381SzyidWsGmqTHp3Q=
0,10,vD4N3ygt+5n0qwpwJmwh7yctYLw=,6HG+qVtNClLS3jSSviEUG+Xzbig=
0,5,7TDsZfOPavETDI9l0E0Useoxwd8=,5mKe9nnjepHlWKFfB5qOm7cOMI8=
0,7,7TDsZfOPavETDI9l0E0Useoxwd8=,QOxOwJGyuMDtif+BnnHcxw18P3Q=
0,6,7TDsZfOPavETDI9l0E0Useoxwd8=,QOxOwJGyuMDtif+BnnHcxw18P3Q=
0,8,7TDsZfOPavETDI9l0E0Useoxwd8=,pY1KIH0ot381SzyidWsGmqTHp3Q=
0,4,7TDsZfOPavETDI9l0E0Useoxwd8=,5mKe9nnjepHlWKFfB5qOm7cOMI8=
0,3,7TDsZfOPavETDI9l0E0Useoxwd8=,V6XLBjPVfvD7Dc2wvQ2L+bpMAEg=
0,2,7TDsZfOPavETDI9l0E0Useoxwd8=,V6XLBjPVfvD7Dc2wvQ2L+bpMAEg=
0,1,7TDsZfOPavETDI9l0E0Useoxwd8=,oBMbKiUKt6To1FX6MGCbw3WgoiM=
0,0,7TDsZfOPavETDI9l0E0Useoxwd8=,oBMbKiUKt6To1FX6MGCbw3WgoiM=
2,0,x96XGm/sX6HuHMoFYhfZXI8CHus=,SI8SJQZwh6Zs2lp+070xVEf/n48=
1,0,x96XGm/sX6HuHMoFYhfZXI8CHus=,oBMbKiUKt6To1FX6MGCbw3WgoiM=
4,0,x96XGm/sX6HuHMoFYhfZXI8CHus=,9HE63Zv5MiQM3taPOeMLkzAaWQ8=
3,0,x96XGm/sX6HuHMoFYhfZXI8CHus=,SI8SJQZwh6Zs2lp+070xVEf/n48=
6,0,x96XGm/sX6HuHMoFYhfZXI8CHus=,Kw+q7ybvA2U7/BI0QTmlM4Ww8BA=
5,0,x96XGm/sX6HuHMoFYhfZXI8CHus=,9HE63Zv5MiQM3taPOeMLkzAaWQ8=
7,0,x96XGm/sX6HuHMoFYhfZXI8CHus=,Kw+q7ybvA2U7/BI0QTmlM4Ww8BA=
8,0,x96XGm/sX6HuHMoFYhfZXI8CHus=,xoyRoeOCng99BwEVIHjHCle3UiA=
10,0,+qL6nYJRjo0qlAslnrZf/2U4JKg=,lo/P0oIb7BhE7GlcyURmil3p+QI=
9,0,+qL6nYJRjo0qlAslnrZf/2U4JKg=,xoyRoeOCng99BwEVIHjHCle3UiA=
12,0,+qL6nYJRjo0qlAslnrZf/2U4JKg=,S/MqiuN28KuhCYgjmOGZduCJyUk=
11,0,+qL6nYJRjo0qlAslnrZf/2U4JKg=,lo/P0oIb7BhE7GlcyURmil3p+QI=
14,0,+qL6nYJRjo0qlAslnrZf/2U4JKg=,FtVgW13OvJgjv5i/vwWiE3Q513E=
13,0,+qL6nYJRjo0qlAslnrZf/2U4JKg=,S/MqiuN28KuhCYgjmOGZduCJyUk=
15,2,90HdPJy8oWyNtyUDyfbxwwgvQgs=,2aWNOvskaYWiZPkhWyegOa/Jl9s=
15,1,90HdPJy8oWyNtyUDyfbxwwgvQgs=,FtVgW13OvJgjv5i/vwWiE3Q513E=
0,15,60EyPPK+4ftAScgz3fjf7PN4eHQ=,jhGsdkMlhCOCTkAlgssQ/lsrc/M=
15,3,60EyPPK+4ftAScgz3fjf7PN4eHQ=,2aWNOvskaYWiZPkhWyegOa/Jl9s=
15,4,60EyPPK+4ftAScgz3fjf7PN4eHQ=,I3Nopxke8W+LpFrPU/tHB41na4I=
15,15,60EyPPK+4ftAScgz3fjf7PN4eHQ=,qNZ2RZRrDMp2pYccVfPSCcyVjv0=
15,10,60EyPPK+4ftAScgz3fjf7PN4eHQ=,u1UVpbh8vlTjQZHi6AHP7+HVAmE=
15,9,60EyPPK+4ftAScgz3fjf7PN4eHQ=,k1G1ABbmPhB1H/gdXFlg5+n93pg=
15,5,60EyPPK+4ftAScgz3fjf7PN4eHQ=,I3Nopxke8W+LpFrPU/tHB41na4I=
15,6,60EyPPK+4ftAScgz3fjf7PN4eHQ=,7tsfw/n/kso1+xHfIPfpto5YK6A=
15,8,60EyPPK+4ftAScgz3fjf7PN4eHQ=,k1G1ABbmPhB1H/gdXFlg5+n93pg=
15,7,60EyPPK+4ftAScgz3fjf7PN4eHQ=,7tsfw/n/kso1+xHfIPfpto5YK6A=
15,0,60EyPPK+4ftAScgz3fjf7PN4eHQ=,FtVgW13OvJgjv5i/vwWiE3Q513E=
1,30,JItKtRj6xR9x2H9eja0ygghPWNg=,sfP4q0dp7hJNM8XbKvw2dpXiMS4=
1,29,JItKtRj6xR9x2H9eja0ygghPWNg=,oDNVPMS0xTW5GYbU8eDG4Ne1ILo=
2,29,JItKtRj6xR9x2H9eja0ygghPWNg=,CRrXCjk8+41ZzNB1uRskvhzyTSw=
2,30,JItKtRj6xR9x2H9eja0ygghPWNg=,GEeCp+NMW1UJVWTazj6gotAgl+4=
4,17,RdMkjOstDi7FVjVqohnVRcu3bfE=,e+YlpW4NTEMKnVwQ4J7Yvg9YEwI=
3,18,RdMkjOstDi7FVjVqohnVRcu3bfE=,4mosBfjokLIsHbaBjsfT6hl9Twk=
4,18,RdMkjOstDi7FVjVqohnVRcu3bfE=,NWPkO7gyYCKgZ0nOmDulLAWKvFM=
3,17,RdMkjOstDi7FVjVqohnVRcu3bfE=,ZRCUtuARkZ0GeeeEAZtHLpa6gGA=
2,19,spWI8I0V4CSWdqCi1d1YAvXpbnY=,4mosBfjokLIsHbaBjsfT6hl9Twk=
1,20,spWI8I0V4CSWdqCi1d1YAvXpbnY=,Kh1mKVnfZ0nIByVV/FKEgwYvBJk=
1,19,spWI8I0V4CSWdqCi1d1YAvXpbnY=,g8gfZwRfyWXmkCWzh37cdJLh/Y4=
2,20,spWI8I0V4CSWdqCi1d1YAvXpbnY=,sirZWR4aTweCTXb2N37qLlGtfm8=
2,18,AZNh34FprYhZm1vjqizFKUHlgK8=,4mosBfjokLIsHbaBjsfT6hl9Twk=
1,18,AZNh34FprYhZm1vjqizFKUHlgK8=,g8gfZwRfyWXmkCWzh37cdJLh/Y4=
2,17,AZNh34FprYhZm1vjqizFKUHlgK8=,ZRCUtuARkZ0GeeeEAZtHLpa6gGA=
1,17,AZNh34FprYhZm1vjqizFKUHlgK8=,sT/Fer9TpmvjMOCr6m/aVwv7y2M=
1,22,AZNh34FprYhZm1vjqizFKUHlgK8=,C5sfvXADKNNLchhoI6XlRWwm/Bs=
1,21,AZNh34FprYhZm1vjqizFKUHlgK8=,Kh1mKVnfZ0nIByVV/FKEgwYvBJk=
2,21,AZNh34FprYhZm1vjqizFKUHlgK8=,sirZWR4aTweCTXb2N37qLlGtfm8=
2,22,AZNh34FprYhZm1vjqizFKUHlgK8=,f4a1tu6Sgkn7YRYNTTjrGLYgGp4=
0,29,KA4TLAO216LT0ZKfWzrqvjqU7Ds=,oDNVPMS0xTW5GYbU8eDG4Ne1ILo=
0,30,KA4TLAO216LT0ZKfWzrqvjqU7Ds=,sfP4q0dp7hJNM8XbKvw2dpXiMS4=
0,22,fpo9XyiAP3f8m7hudMJmdFqclLY=,C5sfvXADKNNLchhoI6XlRWwm/Bs=
0,21,fpo9XyiAP3f8m7hudMJmdFqclLY=,Kh1mKVnfZ0nIByVV/FKEgwYvBJk=
0,20,zndHFoJpwlUCN6RoPPrnpAy6cmM=,Kh1mKVnfZ0nIByVV/FKEgwYvBJk=
0,19,zndHFoJpwlUCN6RoPPrnpAy6cmM=,g8gfZwRfyWXmkCWzh37cdJLh/Y4=
0,18,u2Q6gJjXo7ZGh1WS7uwmGRm0mKM=,g8gfZwRfyWXmkCWzh37cdJLh/Y4=
0,17,u2Q6gJjXo7ZGh1WS7uwmGRm0mKM=,sT/Fer9TpmvjMOCr6m/aVwv7y2M=
1,16,u2Q6gJjXo7ZGh1WS7uwmGRm0mKM=,sT/Fer9TpmvjMOCr6m/aVwv7y2M=
2,16,u2Q6gJjXo7ZGh1WS7uwmGRm0mKM=,ZRCUtuARkZ0GeeeEAZtHLpa6gGA=
3,16,u2Q6gJjXo7ZGh1WS7uwmGRm0mKM=,ZRCUtuARkZ0GeeeEAZtHLpa6gGA=
4,16,u2Q6gJjXo7ZGh1WS7uwmGRm0mKM=,e+YlpW4NTEMKnVwQ4J7Yvg9YEwI=
0,28,TT+kleh9cItrn9WGm/rqijsdF54=,oDNVPMS0xTW5GYbU8eDG4Ne1ILo=
1,28,TT+kleh9cItrn9WGm/rqijsdF54=,oDNVPMS0xTW5GYbU8eDG4Ne1ILo=
2,28,TT+kleh9cItrn9WGm/rqijsdF54=,CRrXCjk8+41ZzNB1uRskvhzyTSw=
1,27,TT+kleh9cItrn9WGm/rqijsdF54=,VvAfbXbfASKhxdJugRSMdhjXg18=
0,27,TT+kleh9cItrn9WGm/rqijsdF54=,VvAfbXbfASKhxdJugRSMdhjXg18=
2,27,TT+kleh9cItrn9WGm/rqijsdF54=,3Ah/xECM0uBV7C9CTuug/WtfNH8=
0,26,TT+kleh9cItrn9WGm/rqijsdF54=,VvAfbXbfASKhxdJugRSMdhjXg18=
1,25,TT+kleh9cItrn9WGm/rqijsdF54=,5JNwdYJLuTrVrJXg0S20YjJHm68=
2,23,TT+kleh9cItrn9WGm/rqijsdF54=,f4a1tu6Sgkn7YRYNTTjrGLYgGp4=
2,26,TT+kleh9cItrn9WGm/rqijsdF54=,3Ah/xECM0uBV7C9CTuug/WtfNH8=
0,25,TT+kleh9cItrn9WGm/rqijsdF54=,5JNwdYJLuTrVrJXg0S20YjJHm68=
1,24,TT+kleh9cItrn9WGm/rqijsdF54=,5JNwdYJLuTrVrJXg0S20YjJHm68=
0,24,TT+kleh9cItrn9WGm/rqijsdF54=,5JNwdYJLuTrVrJXg0S20YjJHm68=
2,25,TT+kleh9cItrn9WGm/rqijsdF54=,UHBU5qArxnSbd27EFXLdgQY0R6U=
0,23,TT+kleh9cItrn9WGm/rqijsdF54=,C5sfvXADKNNLchhoI6XlRWwm/Bs=
1,23,TT+kleh9cItrn9WGm/rqijsdF54=,C5sfvXADKNNLchhoI6XlRWwm/Bs=
2,24,TT+kleh9cItrn9WGm/rqijsdF54=,UHBU5qArxnSbd27EFXLdgQY0R6U=
1,26,TT+kleh9cItrn9WGm/rqijsdF54=,VvAfbXbfASKhxdJugRSMdhjXg18=
6,17,0pcF8H/bqxAI+lIYfhTv9hAXvxQ=,iQgbRiKTTMyUGodHYlKEvXvlDhA=
5,17,0pcF8H/bqxAI+lIYfhTv9hAXvxQ=,e+YlpW4NTEMKnVwQ4J7Yvg9YEwI=
5,18,0pcF8H/bqxAI+lIYfhTv9hAXvxQ=,NWPkO7gyYCKgZ0nOmDulLAWKvFM=
6,18,0pcF8H/bqxAI+lIYfhTv9hAXvxQ=,j/sCjtJy4vXx+35qwkUP3MXJOdw=
7,17,9PXNxFk1tRAodW1IpBt5dls+WOA=,iQgbRiKTTMyUGodHYlKEvXvlDhA=
7,18,9PXNxFk1tRAodW1IpBt5dls+WOA=,j/sCjtJy4vXx+35qwkUP3MXJOdw=
8,18,9PXNxFk1tRAodW1IpBt5dls+WOA=,L+ul7tKOb8AxS2XsKB0HKfdewa0=
8,17,9PXNxFk1tRAodW1IpBt5dls+WOA=,OBPw02hjWWCcDmhz5zsnjlswb8s=
9,18,X2AhshWl7ofTnj4VJgnp10Q4nHc=,L+ul7tKOb8AxS2XsKB0HKfdewa0=
10,18,X2AhshWl7ofTnj4VJgnp10Q4nHc=,7/1nIyzjNefwXVBDPTeQuIgwi5M=
9,17,X2AhshWl7ofTnj4VJgnp10Q4nHc=,OBPw02hjWWCcDmhz5zsnjlswb8s=
10,17,X2AhshWl7ofTnj4VJgnp10Q4nHc=,+2K7F13++InFbWeU8hXG9yxRWL8=
11,17,ZF0TebcbDUqfUMHDeptCchvsz9Y=,+2K7F13++InFbWeU8hXG9yxRWL8=
11,18,ZF0TebcbDUqfUMHDeptCchvsz9Y=,7/1nIyzjNefwXVBDPTeQuIgwi5M=
12,17,ZF0TebcbDUqfUMHDeptCchvsz9Y=,A52VoLDt2ZQUtZS2YPtxVGEqQ/s=
12,18,ZF0TebcbDUqfUMHDeptCchvsz9Y=,rHL4H6fadUQoa/uAgwmNbayQjvU=
13,17,gO5ldtNEY3Gt55iHyBq/2CJuWuU=,A52VoLDt2ZQUtZS2YPtxVGEqQ/s=
13,18,gO5ldtNEY3Gt55iHyBq/2CJuWuU=,rHL4H6fadUQoa/uAgwmNbayQjvU=
14,17,gO5ldtNEY3Gt55iHyBq/2CJuWuU=,ostFbZVn74ELeZfxoqPWJ1nSHpc=
14,18,gO5ldtNEY3Gt55iHyBq/2CJuWuU=,omyBIsVUNiEbbr761elAn27ba3U=
14,20,7Hzlxw56e22MAsoqVtYbtZGNRjs=,oPSxwc252Ser+4Idwp2FuhRQxsE=
13,20,7Hzlxw56e22MAsoqVtYbtZGNRjs=,RslyW3fPwQLca9oeMPuIC9g0ono=
14,19,7Hzlxw56e22MAsoqVtYbtZGNRjs=,omyBIsVUNiEbbr761elAn27ba3U=
13,19,7Hzlxw56e22MAsoqVtYbtZGNRjs=,rHL4H6fadUQoa/uAgwmNbayQjvU=
14,22,WqbLsIPoUrRXDfbAZ7Joh84hCq8=,L9xVrhieV9KWKK7cgDrC4cxG2gY=
13,22,WqbLsIPoUrRXDfbAZ7Joh84hCq8=,WCeanbhkZD+ZXO7RUypUH8CerE4=
13,21,WqbLsIPoUrRXDfbAZ7Joh84hCq8=,RslyW3fPwQLca9oeMPuIC9g0ono=
14,21,WqbLsIPoUrRXDfbAZ7Joh84hCq8=,oPSxwc252Ser+4Idwp2FuhRQxsE=
13,24,/ZrhH4JCsFaSdpGFPVSt1TQlJPI=,L+8lZH45e4qjNDDL994fnfLXga8=
14,23,/ZrhH4JCsFaSdpGFPVSt1TQlJPI=,L9xVrhieV9KWKK7cgDrC4cxG2gY=
13,23,/ZrhH4JCsFaSdpGFPVSt1TQlJPI=,WCeanbhkZD+ZXO7RUypUH8CerE4=
14,24,/ZrhH4JCsFaSdpGFPVSt1TQlJPI=,5NaJ4JpX5qMHDtaq/y7XJcuT0zw=
14,25,KWHVJBdrMiVpot136JFkqlxPPkU=,5NaJ4JpX5qMHDtaq/y7XJcuT0zw=
13,25,KWHVJBdrMiVpot136JFkqlxPPkU=,L+8lZH45e4qjNDDL994fnfLXga8=
14,26,KWHVJBdrMiVpot136JFkqlxPPkU=,llwUeHcYYSpPFnVzV02EjGdIdGw=
13,26,KWHVJBdrMiVpot136JFkqlxPPkU=,nt9eBROC4JNTEWbnLx5R5NYFdmQ=
13,28,lVHg7qw2pOzVu3VJZUWjhwE6HKM=,CJRAjQiwaeLxMPdI6H4a4sCiu3M=
14,28,lVHg7qw2pOzVu3VJZUWjhwE6HKM=,lGbpRAguBR7RivlV18Qe+MJ+KrQ=
13,27,lVHg7qw2pOzVu3VJZUWjhwE6HKM=,nt9eBROC4JNTEWbnLx5R5NYFdmQ=
14,27,lVHg7qw2pOzVu3VJZUWjhwE6HKM=,llwUeHcYYSpPFnVzV02EjGdIdGw=
14,29,ROnWHGy92jpKY4ZMwtzY8pTvQyw=,lGbpRAguBR7RivlV18Qe+MJ+KrQ=
13,29,ROnWHGy92jpKY4ZMwtzY8pTvQyw=,CJRAjQiwaeLxMPdI6H4a4sCiu3M=
14,30,ROnWHGy92jpKY4ZMwtzY8pTvQyw=,768f7gxkCjezvPL9n5xTz1piovc=
13,30,ROnWHGy92jpKY4ZMwtzY8pTvQyw=,UfVdyGlMnTKYDwQwdm6o2OpH5PA=
12,29,nsmlKNkdAIA8vX2BUXa58O4mp98=,CJRAjQiwaeLxMPdI6H4a4sCiu3M=
12,30,nsmlKNkdAIA8vX2BUXa58O4mp98=,UfVdyGlMnTKYDwQwdm6o2OpH5PA=
11,29,nsmlKNkdAIA8vX2BUXa58O4mp98=,oOwQihamD70ufHNWFAC+udT7Ef0=
11,30,nsmlKNkdAIA8vX2BUXa58O4mp98=,FJBdKYWbQ4s3xpJbu3clCM7kMQo=
12,27,9iJG5z2kwCaBxtk5Z31cc7b3K8Q=,nt9eBROC4JNTEWbnLx5R5NYFdmQ=
11,26,9iJG5z2kwCaBxtk5Z31cc7b3K8Q=,eiQZOBUGceYq9nhfS50xhL0CUFs=
12,26,9iJG5z2kwCaBxtk5Z31cc7b3K8Q=,nt9eBROC4JNTEWbnLx5R5NYFdmQ=
12,28,9iJG5z2kwCaBxtk5Z31cc7b3K8Q=,CJRAjQiwaeLxMPdI6H4a4sCiu3M=
11,25,9iJG5z2kwCaBxtk5Z31cc7b3K8Q=,1OLrMjQcWwjCbVspqD4dFvhK3Jw=
12,25,9iJG5z2kwCaBxtk5Z31cc7b3K8Q=,L+8lZH45e4qjNDDL994fnfLXga8=
11,27,9iJG5z2kwCaBxtk5Z31cc7b3K8Q=,eiQZOBUGceYq9nhfS50xhL0CUFs=
11,28,9iJG5z2kwCaBxtk5Z31cc7b3K8Q=,oOwQihamD70ufHNWFAC+udT7Ef0=
12,24,z22Z5DqXWnJKVoE03jp7dP7J92s=,L+8lZH45e4qjNDDL994fnfLXga8=
12,23,z22Z5DqXWnJKVoE03jp7dP7J92s=,WCeanbhkZD+ZXO7RUypUH8CerE4=
11,24,z22Z5DqXWnJKVoE03jp7dP7J92s=,1OLrMjQcWwjCbVspqD4dFvhK3Jw=
11,23,z22Z5DqXWnJKVoE03jp7dP7J92s=,zzt9KcZ6BbV05qvMgas9IDTOnzM=
12,19,Cs5YXqrsWGfj1uNNcMxdza5aBLY=,rHL4H6fadUQoa/uAgwmNbayQjvU=
12,21,Cs5YXqrsWGfj1uNNcMxdza5aBLY=,RslyW3fPwQLca9oeMPuIC9g0ono=
11,21,Cs5YXqrsWGfj1uNNcMxdza5aBLY=,OtVt1SAo5OLR2j31uj+oL/87LPc=
12,20,Cs5YXqrsWGfj1uNNcMxdza5aBLY=,RslyW3fPwQLca9oeMPuIC9g0ono=
11,22,Cs5YXqrsWGfj1uNNcMxdza5aBLY=,zzt9KcZ6BbV05qvMgas9IDTOnzM=
11,20,Cs5YXqrsWGfj1uNNcMxdza5aBLY=,OtVt1SAo5OLR2j31uj+oL/87LPc=
12,22,Cs5YXqrsWGfj1uNNcMxdza5aBLY=,WCeanbhkZD+ZXO7RUypUH8CerE4=
11,19,Cs5YXqrsWGfj1uNNcMxdza5aBLY=,7/1nIyzjNefwXVBDPTeQuIgwi5M=
9,19,L+xuM7f/27mvWgjjsXnV7dGElYE=,L+ul7tKOb8AxS2XsKB0HKfdewa0=
10,20,L+xuM7f/27mvWgjjsXnV7dGElYE=,OtVt1SAo5OLR2j31uj+oL/87LPc=
9,20,L+xuM7f/27mvWgjjsXnV7dGElYE=,NLFh9NxoLPITLrn8nWD/NpBjGW8=
10,19,L+xuM7f/27mvWgjjsXnV7dGElYE=,7/1nIyzjNefwXVBDPTeQuIgwi5M=
9,21,L+xuM7f/27mvWgjjsXnV7dGElYE=,NLFh9NxoLPITLrn8nWD/NpBjGW8=
10,21,L+xuM7f/27mvWgjjsXnV7dGElYE=,OtVt1SAo5OLR2j31uj+oL/87LPc=
9,22,L+xuM7f/27mvWgjjsXnV7dGElYE=,yd14fuLshyRbk1TH+AVlqy54nis=
10,22,L+xuM7f/27mvWgjjsXnV7dGElYE=,zzt9KcZ6BbV05qvMgas9IDTOnzM=
9,24,cEL1Djm0L9wlfmXjDezM5JWBGXA=,tzpjtSu3Bstlxa6T6cI9oQW/4DY=
9,23,cEL1Djm0L9wlfmXjDezM5JWBGXA=,yd14fuLshyRbk1TH+AVlqy54nis=
10,23,cEL1Djm0L9wlfmXjDezM5JWBGXA=,zzt9KcZ6BbV05qvMgas9IDTOnzM=
10,24,cEL1Djm0L9wlfmXjDezM5JWBGXA=,1OLrMjQcWwjCbVspqD4dFvhK3Jw=
7,20,4MAmz/lN58e5BZFTaD/A/MKDq+Y=,usdhGke9rAYciXZtupD98k8gsU8=
8,19,4MAmz/lN58e5BZFTaD/A/MKDq+Y=,L+ul7tKOb8AxS2XsKB0HKfdewa0=
8,20,4MAmz/lN58e5BZFTaD/A/MKDq+Y=,NLFh9NxoLPITLrn8nWD/NpBjGW8=
7,19,4MAmz/lN58e5BZFTaD/A/MKDq+Y=,j/sCjtJy4vXx+35qwkUP3MXJOdw=
7,22,QYdhdgFFXmawuNCrDsAwcDyIjMY=,U0NI2fmopKm3mlbFtFM+LtzJIwE=
8,21,QYdhdgFFXmawuNCrDsAwcDyIjMY=,NLFh9NxoLPITLrn8nWD/NpBjGW8=
8,24,QYdhdgFFXmawuNCrDsAwcDyIjMY=,tzpjtSu3Bstlxa6T6cI9oQW/4DY=
8,23,QYdhdgFFXmawuNCrDsAwcDyIjMY=,yd14fuLshyRbk1TH+AVlqy54nis=
8,22,QYdhdgFFXmawuNCrDsAwcDyIjMY=,yd14fuLshyRbk1TH+AVlqy54nis=
7,23,QYdhdgFFXmawuNCrDsAwcDyIjMY=,U0NI2fmopKm3mlbFtFM+LtzJIwE=
7,21,QYdhdgFFXmawuNCrDsAwcDyIjMY=,usdhGke9rAYciXZtupD98k8gsU8=
7,24,QYdhdgFFXmawuNCrDsAwcDyIjMY=,dvIjnQp69B0BKmbmcRsCaZiQe4g=
4,20,9osjGSxnEPcJXFuNDsjvOzP9QHE=,1FGRV+B4jercpbILjUWhhGQeXQk=
3,19,9osjGSxnEPcJXFuNDsjvOzP9QHE=,4mosBfjokLIsHbaBjsfT6hl9Twk=
3,20,9osjGSxnEPcJXFuNDsjvOzP9QHE=,sirZWR4aTweCTXb2N37qLlGtfm8=
6,19,9osjGSxnEPcJXFuNDsjvOzP9QHE=,j/sCjtJy4vXx+35qwkUP3MXJOdw=
4,19,9osjGSxnEPcJXFuNDsjvOzP9QHE=,NWPkO7gyYCKgZ0nOmDulLAWKvFM=
5,19,9osjGSxnEPcJXFuNDsjvOzP9QHE=,NWPkO7gyYCKgZ0nOmDulLAWKvFM=
6,20,9osjGSxnEPcJXFuNDsjvOzP9QHE=,usdhGke9rAYciXZtupD98k8gsU8=
5,20,9osjGSxnEPcJXFuNDsjvOzP9QHE=,1FGRV+B4jercpbILjUWhhGQeXQk=
3,22,P4S7OOuMSGNjmgIaVmuZFElLQxM=,f4a1tu6Sgkn7YRYNTTjrGLYgGp4=
3,21,P4S7OOuMSGNjmgIaVmuZFElLQxM=,sirZWR4aTweCTXb2N37qLlGtfm8=
6,21,P4S7OOuMSGNjmgIaVmuZFElLQxM=,usdhGke9rAYciXZtupD98k8gsU8=
4,22,P4S7OOuMSGNjmgIaVmuZFElLQxM=,5eeqNx+5BjKolfhDif0ms6LpYOw=
4,21,P4S7OOuMSGNjmgIaVmuZFElLQxM=,1FGRV+B4jercpbILjUWhhGQeXQk=
5,21,P4S7OOuMSGNjmgIaVmuZFElLQxM=,1FGRV+B4jercpbILjUWhhGQeXQk=
5,22,P4S7OOuMSGNjmgIaVmuZFElLQxM=,5eeqNx+5BjKolfhDif0ms6LpYOw=
6,22,P4S7OOuMSGNjmgIaVmuZFElLQxM=,U0NI2fmopKm3mlbFtFM+LtzJIwE=
3,23,AjnbTnMSk8Pe5PTtcehKQI78CkY=,f4a1tu6Sgkn7YRYNTTjrGLYgGp4=
4,24,AjnbTnMSk8Pe5PTtcehKQI78CkY=,/4YzmiOXnI7Uu963zTDHVOQo7po=
6,24,AjnbTnMSk8Pe5PTtcehKQI78CkY=,dvIjnQp69B0BKmbmcRsCaZiQe4g=
3,24,AjnbTnMSk8Pe5PTtcehKQI78CkY=,UHBU5qArxnSbd27EFXLdgQY0R6U=
5,24,AjnbTnMSk8Pe5PTtcehKQI78CkY=,/4YzmiOXnI7Uu963zTDHVOQo7po=
5,23,AjnbTnMSk8Pe5PTtcehKQI78CkY=,5eeqNx+5BjKolfhDif0ms6LpYOw=
6,23,AjnbTnMSk8Pe5PTtcehKQI78CkY=,U0NI2fmopKm3mlbFtFM+LtzJIwE=
4,23,AjnbTnMSk8Pe5PTtcehKQI78CkY=,5eeqNx+5BjKolfhDif0ms6LpYOw=
3,26,KXMYGf4h4a95Ah+lwFfB5TOHdTc=,3Ah/xECM0uBV7C9CTuug/WtfNH8=
3,25,KXMYGf4h4a95Ah+lwFfB5TOHdTc=,UHBU5qArxnSbd27EFXLdgQY0R6U=
4,26,KXMYGf4h4a95Ah+lwFfB5TOHdTc=,+JMLMwqvIC4aOaUDj2hso/UOsg0=
4,25,KXMYGf4h4a95Ah+lwFfB5TOHdTc=,/4YzmiOXnI7Uu963zTDHVOQo7po=
5,26,ynmvk59o2AYImT6mvcWiqpI/Y/s=,+JMLMwqvIC4aOaUDj2hso/UOsg0=
6,25,ynmvk59o2AYImT6mvcWiqpI/Y/s=,dvIjnQp69B0BKmbmcRsCaZiQe4g=
6,26,ynmvk59o2AYImT6mvcWiqpI/Y/s=,VXji2s6FqWTbroJOKA2xgeur1Ms=
5,25,ynmvk59o2AYImT6mvcWiqpI/Y/s=,/4YzmiOXnI7Uu963zTDHVOQo7po=
8,26,ynmvk59o2AYImT6mvcWiqpI/Y/s=,f+X2bB7wvO8b4bdMjjQNmOllygg=
7,25,ynmvk59o2AYImT6mvcWiqpI/Y/s=,dvIjnQp69B0BKmbmcRsCaZiQe4g=
9,25,ynmvk59o2AYImT6mvcWiqpI/Y/s=,tzpjtSu3Bstlxa6T6cI9oQW/4DY=
10,25,ynmvk59o2AYImT6mvcWiqpI/Y/s=,1OLrMjQcWwjCbVspqD4dFvhK3Jw=
10,26,ynmvk59o2AYImT6mvcWiqpI/Y/s=,eiQZOBUGceYq9nhfS50xhL0CUFs=
9,26,FbVk8CdZZPcYP0J6qjHW/uYmRTs=,f+X2bB7wvO8b4bdMjjQNmOllygg=
8,25,FbVk8CdZZPcYP0J6qjHW/uYmRTs=,tzpjtSu3Bstlxa6T6cI9oQW/4DY=
7,26,FbVk8CdZZPcYP0J6qjHW/uYmRTs=,VXji2s6FqWTbroJOKA2xgeur1Ms=
9,28,KchKWNJAppkriAF2IbqauuOy7Jk=,4xixMTCJM/rb2CAw5Khah4azZww=
10,27,KchKWNJAppkriAF2IbqauuOy7Jk=,eiQZOBUGceYq9nhfS50xhL0CUFs=
10,28,KchKWNJAppkriAF2IbqauuOy7Jk=,oOwQihamD70ufHNWFAC+udT7Ef0=
9,27,KchKWNJAppkriAF2IbqauuOy7Jk=,f+X2bB7wvO8b4bdMjjQNmOllygg=
8,28,p5s5XkR0Uv3txZDdTsl9KzDBp+Y=,4xixMTCJM/rb2CAw5Khah4azZww=
7,28,p5s5XkR0Uv3txZDdTsl9KzDBp+Y=,4FLAgdhYwqVAm/rLtZC8XNPUjK4=
8,27,p5s5XkR0Uv3txZDdTsl9KzDBp+Y=,f+X2bB7wvO8b4bdMjjQNmOllygg=
7,27,p5s5XkR0Uv3txZDdTsl9KzDBp+Y=,VXji2s6FqWTbroJOKA2xgeur1Ms=
10,29,JYIGvuU+w85bQyLFStlwmZ/boDw=,oOwQihamD70ufHNWFAC+udT7Ef0=
7,30,JYIGvuU+w85bQyLFStlwmZ/boDw=,6sTm/lHJIXMmGBhD+Sm3X7djktQ=
8,30,JYIGvuU+w85bQyLFStlwmZ/boDw=,6FH1IMdZl/+BonFIOn9fn0tCpAU=
9,30,JYIGvuU+w85bQyLFStlwmZ/boDw=,6FH1IMdZl/+BonFIOn9fn0tCpAU=
8,29,JYIGvuU+w85bQyLFStlwmZ/boDw=,4xixMTCJM/rb2CAw5Khah4azZww=
9,29,JYIGvuU+w85bQyLFStlwmZ/boDw=,4xixMTCJM/rb2CAw5Khah4azZww=
7,29,JYIGvuU+w85bQyLFStlwmZ/boDw=,4FLAgdhYwqVAm/rLtZC8XNPUjK4=
10,30,JYIGvuU+w85bQyLFStlwmZ/boDw=,FJBdKYWbQ4s3xpJbu3clCM7kMQo=
8,31,To6sehkJOC/UBAbSnz3UesAdDiI=,6FH1IMdZl/+BonFIOn9fn0tCpAU=
7,31,To6sehkJOC/UBAbSnz3UesAdDiI=,6sTm/lHJIXMmGBhD+Sm3X7djktQ=
4,28,To6sehkJOC/UBAbSnz3UesAdDiI=,qiVh2oDkMnSNeTX3/zZay4a3WRE=
5,28,To6sehkJOC/UBAbSnz3UesAdDiI=,qiVh2oDkMnSNeTX3/zZay4a3WRE=
6,27,To6sehkJOC/UBAbSnz3UesAdDiI=,VXji2s6FqWTbroJOKA2xgeur1Ms=
3,27,To6sehkJOC/UBAbSnz3UesAdDiI=,3Ah/xECM0uBV7C9CTuug/WtfNH8=
3,28,To6sehkJOC/UBAbSnz3UesAdDiI=,CRrXCjk8+41ZzNB1uRskvhzyTSw=
6,28,To6sehkJOC/UBAbSnz3UesAdDiI=,4FLAgdhYwqVAm/rLtZC8XNPUjK4=
4,27,To6sehkJOC/UBAbSnz3UesAdDiI=,+JMLMwqvIC4aOaUDj2hso/UOsg0=
5,27,To6sehkJOC/UBAbSnz3UesAdDiI=,+JMLMwqvIC4aOaUDj2hso/UOsg0=
0,31,l530NZy+Guf42spvqP6OU5OCOgE=,sfP4q0dp7hJNM8XbKvw2dpXiMS4=
1,31,l530NZy+Guf42spvqP6OU5OCOgE=,sfP4q0dp7hJNM8XbKvw2dpXiMS4=
2,31,l530NZy+Guf42spvqP6OU5OCOgE=,GEeCp+NMW1UJVWTazj6gotAgl+4=
15,18,l530NZy+Guf42spvqP6OU5OCOgE=,omyBIsVUNiEbbr761elAn27ba3U=
15,17,l530NZy+Guf42spvqP6OU5OCOgE=,ostFbZVn74ELeZfxoqPWJ1nSHpc=
15,20,l530NZy+Guf42spvqP6OU5OCOgE=,oPSxwc252Ser+4Idwp2FuhRQxsE=
15,19,l530NZy+Guf42spvqP6OU5OCOgE=,omyBIsVUNiEbbr761elAn27ba3U=
15,24,Tz5Ysv6mKyjfaFUG/7SLrYJGI9U=,5NaJ4JpX5qMHDtaq/y7XJcuT0zw=
15,21,Tz5Ysv6mKyjfaFUG/7SLrYJGI9U=,oPSxwc252Ser+4Idwp2FuhRQxsE=
15,22,Tz5Ysv6mKyjfaFUG/7SLrYJGI9U=,L9xVrhieV9KWKK7cgDrC4cxG2gY=
15,23,Tz5Ysv6mKyjfaFUG/7SLrYJGI9U=,L9xVrhieV9KWKK7cgDrC4cxG2gY=
15,25,Tz5Ysv6mKyjfaFUG/7SLrYJGI9U=,5NaJ4JpX5qMHDtaq/y7XJcuT0zw=
15,26,Tz5Ysv6mKyjfaFUG/7SLrYJGI9U=,llwUeHcYYSpPFnVzV02EjGdIdGw=
15,28,Tz5Ysv6mKyjfaFUG/7SLrYJGI9U=,lGbpRAguBR7RivlV18Qe+MJ+KrQ=
15,27,Tz5Ysv6mKyjfaFUG/7SLrYJGI9U=,llwUeHcYYSpPFnVzV02EjGdIdGw=
15,29,Tz5Ysv6mKyjfaFUG/7SLrYJGI9U=,lGbpRAguBR7RivlV18Qe+MJ+KrQ=
15,30,Tz5Ysv6mKyjfaFUG/7SLrYJGI9U=,768f7gxkCjezvPL9n5xTz1piovc=
15,31,bcvKATPoIP6+IN0b8LMEcwl08q0=,768f7gxkCjezvPL9n5xTz1piovc=
14,31,bcvKATPoIP6+IN0b8LMEcwl08q0=,768f7gxkCjezvPL9n5xTz1piovc=
13,31,bcvKATPoIP6+IN0b8LMEcwl08q0=,UfVdyGlMnTKYDwQwdm6o2OpH5PA=
9,31,bcvKATPoIP6+IN0b8LMEcwl08q0=,6FH1IMdZl/+BonFIOn9fn0tCpAU=
10,31,bcvKATPoIP6+IN0b8LMEcwl08q0=,FJBdKYWbQ4s3xpJbu3clCM7kMQo=
11,31,bcvKATPoIP6+IN0b8LMEcwl08q0=,FJBdKYWbQ4s3xpJbu3clCM7kMQo=
12,31,bcvKATPoIP6+IN0b8LMEcwl08q0=,UfVdyGlMnTKYDwQwdm6o2OpH5PA=
11,16,bcvKATPoIP6+IN0b8LMEcwl08q0=,+2K7F13++InFbWeU8hXG9yxRWL8=
13,16,bcvKATPoIP6+IN0b8LMEcwl08q0=,A52VoLDt2ZQUtZS2YPtxVGEqQ/s=
12,16,bcvKATPoIP6+IN0b8LMEcwl08q0=,A52VoLDt2ZQUtZS2YPtxVGEqQ/s=
14,16,bcvKATPoIP6+IN0b8LMEcwl08q0=,ostFbZVn74ELeZfxoqPWJ1nSHpc=
15,16,bcvKATPoIP6+IN0b8LMEcwl08q0=,ostFbZVn74ELeZfxoqPWJ1nSHpc=
0,16,bcvKATPoIP6+IN0b8LMEcwl08q0=,sT/Fer9TpmvjMOCr6m/aVwv7y2M=
9,16,bcvKATPoIP6+IN0b8LMEcwl08q0=,OBPw02hjWWCcDmhz5zsnjlswb8s=
10,16,bcvKATPoIP6+IN0b8LMEcwl08q0=,+2K7F13++InFbWeU8hXG9yxRWL8=
5,16,bcvKATPoIP6+IN0b8LMEcwl08q0=,e+YlpW4NTEMKnVwQ4J7Yvg9YEwI=
8,16,bcvKATPoIP6+IN0b8LMEcwl08q0=,OBPw02hjWWCcDmhz5zsnjlswb8s=
4,30,bcvKATPoIP6+IN0b8LMEcwl08q0=,qtyjy+J2zgDpFDIOWEftxgAqKPE=
5,30,LZSvI9d5bN5Bv9h5ZaElN0GurpU=,qtyjy+J2zgDpFDIOWEftxgAqKPE=
6,16,LZSvI9d5bN5Bv9h5ZaElN0GurpU=,iQgbRiKTTMyUGodHYlKEvXvlDhA=
6,29,LZSvI9d5bN5Bv9h5ZaElN0GurpU=,4FLAgdhYwqVAm/rLtZC8XNPUjK4=
3,31,LZSvI9d5bN5Bv9h5ZaElN0GurpU=,GEeCp+NMW1UJVWTazj6gotAgl+4=
6,31,LZSvI9d5bN5Bv9h5ZaElN0GurpU=,6sTm/lHJIXMmGBhD+Sm3X7djktQ=
7,16,LZSvI9d5bN5Bv9h5ZaElN0GurpU=,iQgbRiKTTMyUGodHYlKEvXvlDhA=
3,30,LZSvI9d5bN5Bv9h5ZaElN0GurpU=,GEeCp+NMW1UJVWTazj6gotAgl+4=
4,29,LZSvI9d5bN5Bv9h5ZaElN0GurpU=,qiVh2oDkMnSNeTX3/zZay4a3WRE=
4,31,LZSvI9d5bN5Bv9h5ZaElN0GurpU=,qtyjy+J2zgDpFDIOWEftxgAqKPE=
5,31,LZSvI9d5bN5Bv9h5ZaElN0GurpU=,qtyjy+J2zgDpFDIOWEftxgAqKPE=
5,29,LZSvI9d5bN5Bv9h5ZaElN0GurpU=,qiVh2oDkMnSNeTX3/zZay4a3WRE=
6,30,LZSvI9d5bN5Bv9h5ZaElN0GurpU=,6sTm/lHJIXMmGBhD+Sm3X7djktQ=
3,29,LZSvI9d5bN5Bv9h5ZaElN0GurpU=,CRrXCjk8+41ZzNB1uRskvhzyTSw=
30,18,HCxhf70D6riG3OdgbCMWPl+eQCk=,nUpvBAoQQkgRFk/VFSLjUf4U6lE=
30,17,HCxhf70D6riG3OdgbCMWPl+eQCk=,NFoIJ4RRjFN1Rn0tmYErc0+naQc=
29,18,HCxhf70D6riG3OdgbCMWPl+eQCk=,Qel6MGbPJT6n0Uq8EdMcUWBQhP4=
29,17,HCxhf70D6riG3OdgbCMWPl+eQCk=,dutp8B8QKbNLIQQZ573QlCpJvXk=
30,20,fsZ+rDT8To/GEv7Hpm5tXeRJaxg=,p/5P3ElADzGPFnbmw2ySQNqXgw0=
29,20,fsZ+rDT8To/GEv7Hpm5tXeRJaxg=,TyS/kwdB7ad+P1VfOWxES0PvgK0=
30,19,fsZ+rDT8To/GEv7Hpm5tXeRJaxg=,nUpvBAoQQkgRFk/VFSLjUf4U6lE=
29,19,fsZ+rDT8To/GEv7Hpm5tXeRJaxg=,Qel6MGbPJT6n0Uq8EdMcUWBQhP4=
27,20,coBybcmiO51QXC/R3Y/yGkKDP1g=,pm6fty8vbEVNBDRd/saSlCZes0M=
28,20,coBybcmiO51QXC/R3Y/yGkKDP1g=,TyS/kwdB7ad+P1VfOWxES0PvgK0=
28,19,coBybcmiO51QXC/R3Y/yGkKDP1g=,Qel6MGbPJT6n0Uq8EdMcUWBQhP4=
27,19,coBybcmiO51QXC/R3Y/yGkKDP1g=,kg/Y3R7RvzE4c9YdSGpsZ/XcLQ4=
27,21,9iiNRXFHm8hXJo7HW91x0zsS1Kk=,pm6fty8vbEVNBDRd/saSlCZes0M=
27,22,9iiNRXFHm8hXJo7HW91x0zsS1Kk=,xa0lRNAJlOTnT3b8QCDn7Ti/JZA=
28,21,9iiNRXFHm8hXJo7HW91x0zsS1Kk=,TyS/kwdB7ad+P1VfOWxES0PvgK0=
28,22,9iiNRXFHm8hXJo7HW91x0zsS1Kk=,K6+tykUZFQzURJE8IGGI49JknNU=
25,21,9iiNRXFHm8hXJo7HW91x0zsS1Kk=,oc1TV/jY0HYd4MHEJHFiXPsBedw=
26,21,9iiNRXFHm8hXJo7HW91x0zsS1Kk=,pm6fty8vbEVNBDRd/saSlCZes0M=
25,22,9iiNRXFHm8hXJo7HW91x0zsS1Kk=,/Nj8VJzCs8XHuRjZv+9qaUAdOsc=
26,22,9iiNRXFHm8hXJo7HW91x0zsS1Kk=,xa0lRNAJlOTnT3b8QCDn7Ti/JZA=
24,22,+sFG+cPa0886EPRJOxhnrjGVwoA=,/Nj8VJzCs8XHuRjZv+9qaUAdOsc=
24,21,+sFG+cPa0886EPRJOxhnrjGVwoA=,oc1TV/jY0HYd4MHEJHFiXPsBedw=
23,22,+sFG+cPa0886EPRJOxhnrjGVwoA=,5WAR3IV0BzJjIA2ehRF3XhV6+oU=
23,21,+sFG+cPa0886EPRJOxhnrjGVwoA=,5I64L16TuMzMGI/h+IsHhZ5nK8M=
22,18,+cTOjbbRV54paej/YO2pt3PPXv0=,P5TfvC120x+dYMII6Ewol2wZCJE=
21,17,+cTOjbbRV54paej/YO2pt3PPXv0=,TPpPBwwcDbKqKfuuqf9pTe5fGII=
21,18,+cTOjbbRV54paej/YO2pt3PPXv0=,ISOSOMpSHBgLrF2XmpNLbRIXUtw=
22,17,+cTOjbbRV54paej/YO2pt3PPXv0=,RgzS/+xA1DZE7jYNoZGpm9Z3rSI=
22,19,+cTOjbbRV54paej/YO2pt3PPXv0=,P5TfvC120x+dYMII6Ewol2wZCJE=
21,19,+cTOjbbRV54paej/YO2pt3PPXv0=,ISOSOMpSHBgLrF2XmpNLbRIXUtw=
22,20,+cTOjbbRV54paej/YO2pt3PPXv0=,5I64L16TuMzMGI/h+IsHhZ5nK8M=
21,20,+cTOjbbRV54paej/YO2pt3PPXv0=,15C13fJyj+O7Ig9cNjp1n+QTjBw=
20,17,knxGXhpoWDmY9yPbsjQscByYavs=,TPpPBwwcDbKqKfuuqf9pTe5fGII=
20,18,knxGXhpoWDmY9yPbsjQscByYavs=,ISOSOMpSHBgLrF2XmpNLbRIXUtw=
19,18,knxGXhpoWDmY9yPbsjQscByYavs=,R84cWai2kVZG6kxi1CZfoaLgeHE=
19,17,knxGXhpoWDmY9yPbsjQscByYavs=,nidPS5AScQriKSC8Zw3jeVs5JmU=
20,20,lwEpZzCUADqTcyUb8AvxaC8O0vI=,15C13fJyj+O7Ig9cNjp1n+QTjBw=
20,19,lwEpZzCUADqTcyUb8AvxaC8O0vI=,ISOSOMpSHBgLrF2XmpNLbRIXUtw=
19,19,lwEpZzCUADqTcyUb8AvxaC8O0vI=,R84cWai2kVZG6kxi1CZfoaLgeHE=
19,20,lwEpZzCUADqTcyUb8AvxaC8O0vI=,B5jR2U5GyuGdCGca3FjRJEUceaQ=
17,19,lwEpZzCUADqTcyUb8AvxaC8O0vI=,67b/OMTt+DJCi52XmEjvFGLjjYA=
18,20,lwEpZzCUADqTcyUb8AvxaC8O0vI=,B5jR2U5GyuGdCGca3FjRJEUceaQ=
17,20,lwEpZzCUADqTcyUb8AvxaC8O0vI=,dcXaJjPXPzCAH26wsH6IyNXLhNs=
18,19,lwEpZzCUADqTcyUb8AvxaC8O0vI=,R84cWai2kVZG6kxi1CZfoaLgeHE=
17,21,py5lZuuY3i3BWNTMQXL16UgXK2c=,dcXaJjPXPzCAH26wsH6IyNXLhNs=
18,21,py5lZuuY3i3BWNTMQXL16UgXK2c=,B5jR2U5GyuGdCGca3FjRJEUceaQ=
17,22,py5lZuuY3i3BWNTMQXL16UgXK2c=,WpPYfYYGvyeiiwFL/+QooDIpd9A=
18,22,py5lZuuY3i3BWNTMQXL16UgXK2c=,k8OfihqIGrhRMhlxYZwDkF39lDk=
18,23,xm4VIv7g0K0R29iBpJH7Lg6L9vA=,k8OfihqIGrhRMhlxYZwDkF39lDk=
18,24,xm4VIv7g0K0R29iBpJH7Lg6L9vA=,qS2AfoPmhZtdQCCZwKhidyD1/yk=
17,24,xm4VIv7g0K0R29iBpJH7Lg6L9vA=,wjJGbJTSo7ayW0YozuEA/g6a8AE=
17,23,xm4VIv7g0K0R29iBpJH7Lg6L9vA=,WpPYfYYGvyeiiwFL/+QooDIpd9A=
17,25,G+abfkpBlHWHuug8D8SVBwJprMI=,wjJGbJTSo7ayW0YozuEA/g6a8AE=
18,25,G+abfkpBlHWHuug8D8SVBwJprMI=,qS2AfoPmhZtdQCCZwKhidyD1/yk=
18,26,G+abfkpBlHWHuug8D8SVBwJprMI=,k0A4gco43qzyspeZekp1hPaf/Bs=
17,26,G+abfkpBlHWHuug8D8SVBwJprMI=,JL8GXmKYJ6mlJEmIOVPNBonRFoM=
17,27,kIKsMKtkSCMikRzIpQhEQQobTaM=,JL8GXmKYJ6mlJEmIOVPNBonRFoM=
18,27,kIKsMKtkSCMikRzIpQhEQQobTaM=,k0A4gco43qzyspeZekp1hPaf/Bs=
17,28,kIKsMKtkSCMikRzIpQhEQQobTaM=,upnUl2t2w8vkkcPUdr+DgKqnZd0=
18,28,kIKsMKtkSCMikRzIpQhEQQobTaM=,pc8hG+YrQVGNPD9oUrL65tFQGCg=
17,29,F4JGhr6132BFT2fQChcJ+wOP8WA=,upnUl2t2w8vkkcPUdr+DgKqnZd0=
17,30,F4JGhr6132BFT2fQChcJ+wOP8WA=,ak+G/Omq98P+LV5yVIgWFSCPdFw=
18,30,F4JGhr6132BFT2fQChcJ+wOP8WA=,/ynHTBtddYPGprbu7e8PQNyGRgw=
18,29,F4JGhr6132BFT2fQChcJ+wOP8WA=,pc8hG+YrQVGNPD9oUrL65tFQGCg=
19,29,MBthljJCZno2gaYgxuhFsoeWXVU=,pc8hG+YrQVGNPD9oUrL65tFQGCg=
19,30,MBthljJCZno2gaYgxuhFsoeWXVU=,/ynHTBtddYPGprbu7e8PQNyGRgw=
20,29,MBthljJCZno2gaYgxuhFsoeWXVU=,xsbON29j0ZWtt8nfTXK/G8w4Dts=
20,30,MBthljJCZno2gaYgxuhFsoeWXVU=,1t50X+0XSJ2e3YkRPKKVYyy8y9E=
19,25,r7LR3SXFZRW6KjxNZhl62xLRexQ=,qS2AfoPmhZtdQCCZwKhidyD1/yk=
20,26,r7LR3SXFZRW6KjxNZhl62xLRexQ=,jrN71JHMMtgC8wsBzzumcyXkLvo=
19,27,r7LR3SXFZRW6KjxNZhl62xLRexQ=,k0A4gco43qzyspeZekp1hPaf/Bs=
19,28,r7LR3SXFZRW6KjxNZhl62xLRexQ=,pc8hG+YrQVGNPD9oUrL65tFQGCg=
20,25,r7LR3SXFZRW6KjxNZhl62xLRexQ=,vC8URPOKTr2lrcAT2nxfa5k41T4=
19,26,r7LR3SXFZRW6KjxNZhl62xLRexQ=,k0A4gco43qzyspeZekp1hPaf/Bs=
20,28,r7LR3SXFZRW6KjxNZhl62xLRexQ=,xsbON29j0ZWtt8nfTXK/G8w4Dts=
20,27,r7LR3SXFZRW6KjxNZhl62xLRexQ=,jrN71JHMMtgC8wsBzzumcyXkLvo=
22,26,lQruAkpxN78KovWDqX0nbTwBNm8=,DZttjEq/Ko+E0gAf4UhLBPOZrLA=
21,25,lQruAkpxN78KovWDqX0nbTwBNm8=,vC8URPOKTr2lrcAT2nxfa5k41T4=
22,25,lQruAkpxN78KovWDqX0nbTwBNm8=,MD5FF7YwCc6r7tYrtWtuv4joN9I=
21,26,lQruAkpxN78KovWDqX0nbTwBNm8=,jrN71JHMMtgC8wsBzzumcyXkLvo=
24,23,9L/1FFMiagCUIU4DV0DdYbU3hkY=,/Nj8VJzCs8XHuRjZv+9qaUAdOsc=
24,24,9L/1FFMiagCUIU4DV0DdYbU3hkY=,bQ3+BbUmPXrI07e1eb28ZSdkfrs=
23,23,9L/1FFMiagCUIU4DV0DdYbU3hkY=,5WAR3IV0BzJjIA2ehRF3XhV6+oU=
23,24,9L/1FFMiagCUIU4DV0DdYbU3hkY=,MD5FF7YwCc6r7tYrtWtuv4joN9I=
26,24,L6drzCTIi8XP2/3x/QM6VwBth5s=,AuEIjgoF0413HCW6etGB+tVR/0I=
26,23,L6drzCTIi8XP2/3x/QM6VwBth5s=,xa0lRNAJlOTnT3b8QCDn7Ti/JZA=
25,23,L6drzCTIi8XP2/3x/QM6VwBth5s=,/Nj8VJzCs8XHuRjZv+9qaUAdOsc=
25,24,L6drzCTIi8XP2/3x/QM6VwBth5s=,bQ3+BbUmPXrI07e1eb28ZSdkfrs=
24,26,L6drzCTIi8XP2/3x/QM6VwBth5s=,8kmDZrFTggQYumRnL5xJbmhAI2I=
23,26,L6drzCTIi8XP2/3x/QM6VwBth5s=,DZttjEq/Ko+E0gAf4UhLBPOZrLA=
24,25,L6drzCTIi8XP2/3x/QM6VwBth5s=,bQ3+BbUmPXrI07e1eb28ZSdkfrs=
23,25,L6drzCTIi8XP2/3x/QM6VwBth5s=,MD5FF7YwCc6r7tYrtWtuv4joN9I=
26,25,bXN5cRQ7MQAlty0PGZToOu7eYyM=,AuEIjgoF0413HCW6etGB+tVR/0I=
25,25,bXN5cRQ7MQAlty0PGZToOu7eYyM=,bQ3+BbUmPXrI07e1eb28ZSdkfrs=
26,26,bXN5cRQ7MQAlty0PGZToOu7eYyM=,9pgu8QsytB14S5cvarile2EusH4=
25,26,bXN5cRQ7MQAlty0PGZToOu7eYyM=,8kmDZrFTggQYumRnL5xJbmhAI2I=
27,23,2UA9FHidYOM9Ww+E+zH9dRTKb9I=,xa0lRNAJlOTnT3b8QCDn7Ti/JZA=
27,24,2UA9FHidYOM9Ww+E+zH9dRTKb9I=,AuEIjgoF0413HCW6etGB+tVR/0I=
28,24,2UA9FHidYOM9Ww+E+zH9dRTKb9I=,17He12IzOBzv64eHTt9LBCwWBDw=
28,23,2UA9FHidYOM9Ww+E+zH9dRTKb9I=,K6+tykUZFQzURJE8IGGI49JknNU=
27,25,rCkAIpDisaoOJgImRUPWq1/My0w=,AuEIjgoF0413HCW6etGB+tVR/0I=
28,25,rCkAIpDisaoOJgImRUPWq1/My0w=,17He12IzOBzv64eHTt9LBCwWBDw=
27,26,rCkAIpDisaoOJgImRUPWq1/My0w=,9pgu8QsytB14S5cvarile2EusH4=
28,26,rCkAIpDisaoOJgImRUPWq1/My0w=,yO4rIlNqHQrfDJsqLlrjHRnFq4s=
29,25,2ZVanTJWLeobBYwtoZf8DlXjXYM=,17He12IzOBzv64eHTt9LBCwWBDw=
30,25,2ZVanTJWLeobBYwtoZf8DlXjXYM=,7j4pQ5Y6cOSL/s97g6P+Z+l55iE=
30,26,2ZVanTJWLeobBYwtoZf8DlXjXYM=,y02mIv/YmEE30hpJhlPBkC/f/3A=
29,26,2ZVanTJWLeobBYwtoZf8DlXjXYM=,yO4rIlNqHQrfDJsqLlrjHRnFq4s=
29,27,wY8UpZsiGwpG6pp3w8DOhOhSNVg=,yO4rIlNqHQrfDJsqLlrjHRnFq4s=
30,27,wY8UpZsiGwpG6pp3w8DOhOhSNVg=,y02mIv/YmEE30hpJhlPBkC/f/3A=
29,28,wY8UpZsiGwpG6pp3w8DOhOhSNVg=,EVDN9bxyDuyJ4npEZfRCXEfbjro=
30,28,wY8UpZsiGwpG6pp3w8DOhOhSNVg=,MpItv7zqMvgyFuuQLYcrsn4e/g0=
27,28,wY8UpZsiGwpG6pp3w8DOhOhSNVg=,YMoEDiRd8RjzcMr3F4A8w0YSQkU=
27,27,wY8UpZsiGwpG6pp3w8DOhOhSNVg=,9pgu8QsytB14S5cvarile2EusH4=
28,27,wY8UpZsiGwpG6pp3w8DOhOhSNVg=,yO4rIlNqHQrfDJsqLlrjHRnFq4s=
28,28,wY8UpZsiGwpG6pp3w8DOhOhSNVg=,EVDN9bxyDuyJ4npEZfRCXEfbjro=
26,28,xghi3I7mwm4yc4ytHmCvxlPKP5g=,YMoEDiRd8RjzcMr3F4A8w0YSQkU=
26,27,xghi3I7mwm4yc4ytHmCvxlPKP5g=,9pgu8QsytB14S5cvarile2EusH4=
25,27,xghi3I7mwm4yc4ytHmCvxlPKP5g=,8kmDZrFTggQYumRnL5xJbmhAI2I=
25,28,xghi3I7mwm4yc4ytHmCvxlPKP5g=,1BX6FOxmIK0LxOadFnpcE/K0xcI=
28,29,xghi3I7mwm4yc4ytHmCvxlPKP5g=,EVDN9bxyDuyJ4npEZfRCXEfbjro=
27,29,xghi3I7mwm4yc4ytHmCvxlPKP5g=,YMoEDiRd8RjzcMr3F4A8w0YSQkU=
27,30,xghi3I7mwm4yc4ytHmCvxlPKP5g=,KkUdMSk9LLBmFNG7cqmvv+MGMog=
28,30,xghi3I7mwm4yc4ytHmCvxlPKP5g=,xxOjQFy5OkBoRIZOAtcYA+q/fF8=
26,30,u0KQXCh6BWiRyn+8Ao5BV6+6SH8=,KkUdMSk9LLBmFNG7cqmvv+MGMog=
26,29,u0KQXCh6BWiRyn+8Ao5BV6+6SH8=,YMoEDiRd8RjzcMr3F4A8w0YSQkU=
25,30,u0KQXCh6BWiRyn+8Ao5BV6+6SH8=,v05E625fiJZQXsYQbyyzHsyf54Q=
25,29,u0KQXCh6BWiRyn+8Ao5BV6+6SH8=,1BX6FOxmIK0LxOadFnpcE/K0xcI=
22,28,O/8II/d1eX1RvXpcvi2K0jhn5Tc=,EFzJY75vCSlCvDKa0BRmU4aE7lA=
21,28,O/8II/d1eX1RvXpcvi2K0jhn5Tc=,xsbON29j0ZWtt8nfTXK/G8w4Dts=
24,28,O/8II/d1eX1RvXpcvi2K0jhn5Tc=,1BX6FOxmIK0LxOadFnpcE/K0xcI=
23,28,O/8II/d1eX1RvXpcvi2K0jhn5Tc=,EFzJY75vCSlCvDKa0BRmU4aE7lA=
24,27,O/8II/d1eX1RvXpcvi2K0jhn5Tc=,8kmDZrFTggQYumRnL5xJbmhAI2I=
22,27,O/8II/d1eX1RvXpcvi2K0jhn5Tc=,DZttjEq/Ko+E0gAf4UhLBPOZrLA=
23,27,O/8II/d1eX1RvXpcvi2K0jhn5Tc=,DZttjEq/Ko+E0gAf4UhLBPOZrLA=
21,27,O/8II/d1eX1RvXpcvi2K0jhn5Tc=,jrN71JHMMtgC8wsBzzumcyXkLvo=
31,28,OB+92moKBpu3iBKYoSMAVGK/1/E=,MpItv7zqMvgyFuuQLYcrsn4e/g0=
31,27,OB+92moKBpu3iBKYoSMAVGK/1/E=,y02mIv/YmEE30hpJhlPBkC/f/3A=
31,25,qkGe0rtjwDpITw4IspqITlJpGHE=,7j4pQ5Y6cOSL/s97g6P+Z+l55iE=
31,26,qkGe0rtjwDpITw4IspqITlJpGHE=,y02mIv/YmEE30hpJhlPBkC/f/3A=
31,19,7uZwh+yzVPGZMTe5xTAqR7m3J4U=,nUpvBAoQQkgRFk/VFSLjUf4U6lE=
31,20,7uZwh+yzVPGZMTe5xTAqR7m3J4U=,p/5P3ElADzGPFnbmw2ySQNqXgw0=
31,18,ASe3aBl/TTaSX+htiTpGfnTh3Gg=,nUpvBAoQQkgRFk/VFSLjUf4U6lE=
31,17,ASe3aBl/TTaSX+htiTpGfnTh3Gg=,NFoIJ4RRjFN1Rn0tmYErc0+naQc=
25,31,7PORD0J8iCqiFSWHmEz0WM9EvgQ=,v05E625fiJZQXsYQbyyzHsyf54Q=
26,31,7PORD0J8iCqiFSWHmEz0WM9EvgQ=,KkUdMSk9LLBmFNG7cqmvv+MGMog=
27,31,UYJTUcGvVuRiGnzHKVE5abv8aH8=,KkUdMSk9LLBmFNG7cqmvv+MGMog=
28,31,UYJTUcGvVuRiGnzHKVE5abv8aH8=,xxOjQFy5OkBoRIZOAtcYA+q/fF8=
22,29,tWkuGFxpvvtZrIjySDPDmK2adto=,EFzJY75vCSlCvDKa0BRmU4aE7lA=
23,29,tWkuGFxpvvtZrIjySDPDmK2adto=,EFzJY75vCSlCvDKa0BRmU4aE7lA=
24,30,tWkuGFxpvvtZrIjySDPDmK2adto=,v05E625fiJZQXsYQbyyzHsyf54Q=
21,31,tWkuGFxpvvtZrIjySDPDmK2adto=,1t50X+0XSJ2e3YkRPKKVYyy8y9E=
21,29,tWkuGFxpvvtZrIjySDPDmK2adto=,xsbON29j0ZWtt8nfTXK/G8w4Dts=
23,31,tWkuGFxpvvtZrIjySDPDmK2adto=,3vCrcVpHdWw/QuE8rKwGGqqIdps=
21,30,tWkuGFxpvvtZrIjySDPDmK2adto=,1t50X+0XSJ2e3YkRPKKVYyy8y9E=
23,30,tWkuGFxpvvtZrIjySDPDmK2adto=,3vCrcVpHdWw/QuE8rKwGGqqIdps=
22,31,tWkuGFxpvvtZrIjySDPDmK2adto=,3vCrcVpHdWw/QuE8rKwGGqqIdps=
24,29,tWkuGFxpvvtZrIjySDPDmK2adto=,1BX6FOxmIK0LxOadFnpcE/K0xcI=
22,30,tWkuGFxpvvtZrIjySDPDmK2adto=,3vCrcVpHdWw/QuE8rKwGGqqIdps=
24,31,tWkuGFxpvvtZrIjySDPDmK2adto=,v05E625fiJZQXsYQbyyzHsyf54Q=
31,29,VlOH0aaH4gOezonbsJQ8hkJW078=,MpItv7zqMvgyFuuQLYcrsn4e/g0=
29,29,VlOH0aaH4gOezonbsJQ8hkJW078=,EVDN9bxyDuyJ4npEZfRCXEfbjro=
30,30,VlOH0aaH4gOezonbsJQ8hkJW078=,IkP7OX9V53W0WpEC32PY9vBiXdg=
31,31,VlOH0aaH4gOezonbsJQ8hkJW078=,IkP7OX9V53W0WpEC32PY9vBiXdg=
29,31,VlOH0aaH4gOezonbsJQ8hkJW078=,xxOjQFy5OkBoRIZOAtcYA+q/fF8=
31,30,VlOH0aaH4gOezonbsJQ8hkJW078=,IkP7OX9V53W0WpEC32PY9vBiXdg=
30,31,VlOH0aaH4gOezonbsJQ8hkJW078=,IkP7OX9V53W0WpEC32PY9vBiXdg=
30,29,VlOH0aaH4gOezonbsJQ8hkJW078=,MpItv7zqMvgyFuuQLYcrsn4e/g0=
29,30,VlOH0aaH4gOezonbsJQ8hkJW078=,xxOjQFy5OkBoRIZOAtcYA+q/fF8=
29,23,NrcB40YFw7bk0MuNzhEfcdBQ1tU=,K6+tykUZFQzURJE8IGGI49JknNU=
29,21,NrcB40YFw7bk0MuNzhEfcdBQ1tU=,TyS/kwdB7ad+P1VfOWxES0PvgK0=
31,23,NrcB40YFw7bk0MuNzhEfcdBQ1tU=,E9zSKtA4q7JUby+IgUz/esKBCYo=
30,22,NrcB40YFw7bk0MuNzhEfcdBQ1tU=,E9zSKtA4q7JUby+IgUz/esKBCYo=
30,23,NrcB40YFw7bk0MuNzhEfcdBQ1tU=,E9zSKtA4q7JUby+IgUz/esKBCYo=
29,24,NrcB40YFw7bk0MuNzhEfcdBQ1tU=,17He12IzOBzv64eHTt9LBCwWBDw=
29,22,NrcB40YFw7bk0MuNzhEfcdBQ1tU=,K6+tykUZFQzURJE8IGGI49JknNU=
31,21,NrcB40YFw7bk0MuNzhEfcdBQ1tU=,p/5P3ElADzGPFnbmw2ySQNqXgw0=
31,22,NrcB40YFw7bk0MuNzhEfcdBQ1tU=,E9zSKtA4q7JUby+IgUz/esKBCYo=
31,24,NrcB40YFw7bk0MuNzhEfcdBQ1tU=,7j4pQ5Y6cOSL/s97g6P+Z+l55iE=
30,21,NrcB40YFw7bk0MuNzhEfcdBQ1tU=,p/5P3ElADzGPFnbmw2ySQNqXgw0=
30,24,NrcB40YFw7bk0MuNzhEfcdBQ1tU=,7j4pQ5Y6cOSL/s97g6P+Z+l55iE=
30,16,2ELn9R7NurshFdrcw894Jn5iV3o=,NFoIJ4RRjFN1Rn0tmYErc0+naQc=
29,16,2ELn9R7NurshFdrcw894Jn5iV3o=,dutp8B8QKbNLIQQZ573QlCpJvXk=
21,16,hSYiKezCNQdYUbgBzUu8LwC5tN0=,TPpPBwwcDbKqKfuuqf9pTe5fGII=
22,16,hSYiKezCNQdYUbgBzUu8LwC5tN0=,RgzS/+xA1DZE7jYNoZGpm9Z3rSI=
19,16,9WXZ9zJO/1v9Y99qltE3h4tcD98=,nidPS5AScQriKSC8Zw3jeVs5JmU=
20,16,9WXZ9zJO/1v9Y99qltE3h4tcD98=,TPpPBwwcDbKqKfuuqf9pTe5fGII=
25,19,AJCsR3sRFbDnqrqS1UZl3zFSWCM=,bDHOHhuuVUvwGnHQaCB+bNXZS1k=
24,19,AJCsR3sRFbDnqrqS1UZl3zFSWCM=,bDHOHhuuVUvwGnHQaCB+bNXZS1k=
26,20,AJCsR3sRFbDnqrqS1UZl3zFSWCM=,pm6fty8vbEVNBDRd/saSlCZes0M=
26,19,AJCsR3sRFbDnqrqS1UZl3zFSWCM=,kg/Y3R7RvzE4c9YdSGpsZ/XcLQ4=
25,20,AJCsR3sRFbDnqrqS1UZl3zFSWCM=,oc1TV/jY0HYd4MHEJHFiXPsBedw=
24,20,AJCsR3sRFbDnqrqS1UZl3zFSWCM=,oc1TV/jY0HYd4MHEJHFiXPsBedw=
23,20,AJCsR3sRFbDnqrqS1UZl3zFSWCM=,5I64L16TuMzMGI/h+IsHhZ5nK8M=
23,19,AJCsR3sRFbDnqrqS1UZl3zFSWCM=,P5TfvC120x+dYMII6Ewol2wZCJE=
16,19,uCTbNYQjkdk5Np4BgrL/grSUSi0=,67b/OMTt+DJCi52XmEjvFGLjjYA=
16,20,uCTbNYQjkdk5Np4BgrL/grSUSi0=,dcXaJjPXPzCAH26wsH6IyNXLhNs=
16,22,KH+rexI7Bfg9t7Qr0KPYCu8WLxs=,WpPYfYYGvyeiiwFL/+QooDIpd9A=
16,21,KH+rexI7Bfg9t7Qr0KPYCu8WLxs=,dcXaJjPXPzCAH26wsH6IyNXLhNs=
16,23,NijB4e+PECe2VrdadhkyW4Xxc2s=,WpPYfYYGvyeiiwFL/+QooDIpd9A=
16,24,NijB4e+PECe2VrdadhkyW4Xxc2s=,wjJGbJTSo7ayW0YozuEA/g6a8AE=
16,26,8hPqeN4vlW5OhyK5fYEQscWHdY8=,JL8GXmKYJ6mlJEmIOVPNBonRFoM=
16,25,8hPqeN4vlW5OhyK5fYEQscWHdY8=,wjJGbJTSo7ayW0YozuEA/g6a8AE=
16,28,vmMChmSPRqo3Q0nvogMbV7G4VRY=,upnUl2t2w8vkkcPUdr+DgKqnZd0=
16,27,vmMChmSPRqo3Q0nvogMbV7G4VRY=,JL8GXmKYJ6mlJEmIOVPNBonRFoM=
16,29,YMVkUd+9ODDjQU56PdOwkDYghL8=,upnUl2t2w8vkkcPUdr+DgKqnZd0=
16,30,YMVkUd+9ODDjQU56PdOwkDYghL8=,ak+G/Omq98P+LV5yVIgWFSCPdFw=
20,31,Ac0HYufJLPqi3YPdrcEkjRhBHk4=,1t50X+0XSJ2e3YkRPKKVYyy8y9E=
17,31,Ac0HYufJLPqi3YPdrcEkjRhBHk4=,ak+G/Omq98P+LV5yVIgWFSCPdFw=
18,31,Ac0HYufJLPqi3YPdrcEkjRhBHk4=,/ynHTBtddYPGprbu7e8PQNyGRgw=
19,31,Ac0HYufJLPqi3YPdrcEkjRhBHk4=,/ynHTBtddYPGprbu7e8PQNyGRgw=
23,18,sTKOBsEynHLyPloriH3xS18z2gY=,P5TfvC120x+dYMII6Ewol2wZCJE=
23,17,sTKOBsEynHLyPloriH3xS18z2gY=,RgzS/+xA1DZE7jYNoZGpm9Z3rSI=
24,16,sTKOBsEynHLyPloriH3xS18z2gY=,oJSvWZ/WK5I/kdLgjz3E2zIDtH8=
24,17,sTKOBsEynHLyPloriH3xS18z2gY=,oJSvWZ/WK5I/kdLgjz3E2zIDtH8=
23,16,sTKOBsEynHLyPloriH3xS18z2gY=,RgzS/+xA1DZE7jYNoZGpm9Z3rSI=
24,18,sTKOBsEynHLyPloriH3xS18z2gY=,bDHOHhuuVUvwGnHQaCB+bNXZS1k=
31,16,sTKOBsEynHLyPloriH3xS18z2gY=,NFoIJ4RRjFN1Rn0tmYErc0+naQc=
16,31,sTKOBsEynHLyPloriH3xS18z2gY=,ak+G/Omq98P+LV5yVIgWFSCPdFw=
27,17,rErB3FQQhxwSgNeXJwEQ5+V0Yu0=,Wo6MLbn7oqLsIRnUfrzs6SSMagQ=
28,18,rErB3FQQhxwSgNeXJwEQ5+V0Yu0=,Qel6MGbPJT6n0Uq8EdMcUWBQhP4=
25,17,rErB3FQQhxwSgNeXJwEQ5+V0Yu0=,oJSvWZ/WK5I/kdLgjz3E2zIDtH8=
26,18,rErB3FQQhxwSgNeXJwEQ5+V0Yu0=,kg/Y3R7RvzE4c9YdSGpsZ/XcLQ4=
26,17,rErB3FQQhxwSgNeXJwEQ5+V0Yu0=,Wo6MLbn7oqLsIRnUfrzs6SSMagQ=
28,17,rErB3FQQhxwSgNeXJwEQ5+V0Yu0=,dutp8B8QKbNLIQQZ573QlCpJvXk=
27,18,rErB3FQQhxwSgNeXJwEQ5+V0Yu0=,kg/Y3R7RvzE4c9YdSGpsZ/XcLQ4=
27,16,rErB3FQQhxwSgNeXJwEQ5+V0Yu0=,Wo6MLbn7oqLsIRnUfrzs6SSMagQ=
25,16,rErB3FQQhxwSgNeXJwEQ5+V0Yu0=,oJSvWZ/WK5I/kdLgjz3E2zIDtH8=
25,18,rErB3FQQhxwSgNeXJwEQ5+V0Yu0=,bDHOHhuuVUvwGnHQaCB+bNXZS1k=
26,16,rErB3FQQhxwSgNeXJwEQ5+V0Yu0=,Wo6MLbn7oqLsIRnUfrzs6SSMagQ=
28,16,rErB3FQQhxwSgNeXJwEQ5+V0Yu0=,dutp8B8QKbNLIQQZ573QlCpJvXk=
18,16,HHSB4rWunaaLGLlDNWvnssn9irA=,nidPS5AScQriKSC8Zw3jeVs5JmU=
18,17,HHSB4rWunaaLGLlDNWvnssn9irA=,nidPS5AScQriKSC8Zw3jeVs5JmU=
17,17,HHSB4rWunaaLGLlDNWvnssn9irA=,fJjJ+NXveMSaUSqcXbUKrriYTyE=
16,17,HHSB4rWunaaLGLlDNWvnssn9irA=,fJjJ+NXveMSaUSqcXbUKrriYTyE=
17,18,HHSB4rWunaaLGLlDNWvnssn9irA=,67b/OMTt+DJCi52XmEjvFGLjjYA=
16,18,HHSB4rWunaaLGLlDNWvnssn9irA=,67b/OMTt+DJCi52XmEjvFGLjjYA=
18,18,HHSB4rWunaaLGLlDNWvnssn9irA=,R84cWai2kVZG6kxi1CZfoaLgeHE=
17,16,HHSB4rWunaaLGLlDNWvnssn9irA=,fJjJ+NXveMSaUSqcXbUKrriYTyE=
16,16,HHSB4rWunaaLGLlDNWvnssn9irA=,fJjJ+NXveMSaUSqcXbUKrriYTyE=
21,21,63F+rhD4/ZfNUzWoCnXTRba+4Uw=,15C13fJyj+O7Ig9cNjp1n+QTjBw=
20,21,63F+rhD4/ZfNUzWoCnXTRba+4Uw=,15C13fJyj+O7Ig9cNjp1n+QTjBw=
22,21,63F+rhD4/ZfNUzWoCnXTRba+4Uw=,5I64L16TuMzMGI/h+IsHhZ5nK8M=
22,23,63F+rhD4/ZfNUzWoCnXTRba+4Uw=,5WAR3IV0BzJjIA2ehRF3XhV6+oU=
19,23,63F+rhD4/ZfNUzWoCnXTRba+4Uw=,k8OfihqIGrhRMhlxYZwDkF39lDk=
20,24,63F+rhD4/ZfNUzWoCnXTRba+4Uw=,vC8URPOKTr2lrcAT2nxfa5k41T4=
21,22,63F+rhD4/ZfNUzWoCnXTRba+4Uw=,QQFL9+aqabs6A1G7IVy5uk4gq9k=
22,24,63F+rhD4/ZfNUzWoCnXTRba+4Uw=,MD5FF7YwCc6r7tYrtWtuv4joN9I=
22,22,63F+rhD4/ZfNUzWoCnXTRba+4Uw=,5WAR3IV0BzJjIA2ehRF3XhV6+oU=
21,24,63F+rhD4/ZfNUzWoCnXTRba+4Uw=,vC8URPOKTr2lrcAT2nxfa5k41T4=
21,23,63F+rhD4/ZfNUzWoCnXTRba+4Uw=,QQFL9+aqabs6A1G7IVy5uk4gq9k=
19,21,63F+rhD4/ZfNUzWoCnXTRba+4Uw=,B5jR2U5GyuGdCGca3FjRJEUceaQ=
20,23,63F+rhD4/ZfNUzWoCnXTRba+4Uw=,QQFL9+aqabs6A1G7IVy5uk4gq9k=
19,24,63F+rhD4/ZfNUzWoCnXTRba+4Uw=,qS2AfoPmhZtdQCCZwKhidyD1/yk=
20,22,63F+rhD4/ZfNUzWoCnXTRba+4Uw=,QQFL9+aqabs6A1G7IVy5uk4gq9k=
19,22,63F+rhD4/ZfNUzWoCnXTRba+4Uw=,k8OfihqIGrhRMhlxYZwDkF39lDk=
21,13,XC0VpH+eOjRSHjtJqQLPAR+VaSw=,DjyCNAW9eEiC/41RBryeqCEE9tw=
21,14,XC0VpH+eOjRSHjtJqQLPAR+VaSw=,Qv9fPimUNW9M4MaY6aF6xoKc2eM=
22,14,XC0VpH+eOjRSHjtJqQLPAR+VaSw=,CHWMXvmJ16MUKUomEmkYgMs7MHc=
22,13,XC0VpH+eOjRSHjtJqQLPAR+VaSw=,hTN663hooNYZNcU8uUN8t+WTF84=
21,11,WvpVfRr6I56vHve4GAYoOlhwf00=,DOE1SRyVLgIJnRfWqI2NTdKsVhY=
21,12,WvpVfRr6I56vHve4GAYoOlhwf00=,DjyCNAW9eEiC/41RBryeqCEE9tw=
22,10,WvpVfRr6I56vHve4GAYoOlhwf00=,sc1ogRkdiiLsORs93yVIJqmeBUY=
22,11,WvpVfRr6I56vHve4GAYoOlhwf00=,sc1ogRkdiiLsORs93yVIJqmeBUY=
21,10,WvpVfRr6I56vHve4GAYoOlhwf00=,DOE1SRyVLgIJnRfWqI2NTdKsVhY=
22,9,WvpVfRr6I56vHve4GAYoOlhwf00=,0Qd/pJkCShm4uUuCUTte6o6fxwY=
21,9,WvpVfRr6I56vHve4GAYoOlhwf00=,sSiMhvKk4VixsokeC6ug7XaoL7I=
22,12,WvpVfRr6I56vHve4GAYoOlhwf00=,hTN663hooNYZNcU8uUN8t+WTF84=
24,10,JGl8juSJTHg3Rf3R+IGxLPhHA4I=,7mOo/2R+kXt7YEAsCTsPTmfmdrY=
24,9,JGl8juSJTHg3Rf3R+IGxLPhHA4I=,plZYvZPILv++wfbFGftTkAwYubM=
23,10,dyEgKsduSj2F3+D8qVZq/6M1wIQ=,sc1ogRkdiiLsORs93yVIJqmeBUY=
23,9,dyEgKsduSj2F3+D8qVZq/6M1wIQ=,0Qd/pJkCShm4uUuCUTte6o6fxwY=
24,4,bCzQJp9i7Ymnzyp3zdQjH3XGc+c=,+2TPOOBGIQRvYFQ5B/SAYL/joiU=
24,3,bCzQJp9i7Ymnzyp3zdQjH3XGc+c=,u46WItCEeyvyEsDSysZHb/BDB50=
23,3,bCzQJp9i7Ymnzyp3zdQjH3XGc+c=,DYR/00tKYoKMy5MS+2bZ8xcgkac=
23,4,bCzQJp9i7Ymnzyp3zdQjH3XGc+c=,4vYiD1BV6bv3lwxzfI4Usu/znhc=
26,4,noQ/Ht8Wi4xSO2qzNjfUyhNHE3g=,yqDyQExhlxJ0EOu9CpXZcyYTHPk=
25,3,noQ/Ht8Wi4xSO2qzNjfUyhNHE3g=,u46WItCEeyvyEsDSysZHb/BDB50=
26,6,noQ/Ht8Wi4xSO2qzNjfUyhNHE3g=,nMBsmw0VAvPtYlFkZ87D63628eM=
25,4,1MTW3yUDxtO9CTM3R3CrPRh8osI=,+2TPOOBGIQRvYFQ5B/SAYL/joiU=
26,5,1MTW3yUDxtO9CTM3R3CrPRh8osI=,yqDyQExhlxJ0EOu9CpXZcyYTHPk=
25,6,1MTW3yUDxtO9CTM3R3CrPRh8osI=,6+//9VTlMcybipbt+ta1jfEBG1I=
26,3,1MTW3yUDxtO9CTM3R3CrPRh8osI=,eCAs8Bvt+0fYPLuh9m0BLuphz2M=
25,5,1MTW3yUDxtO9CTM3R3CrPRh8osI=,+2TPOOBGIQRvYFQ5B/SAYL/joiU=
25,8,1MTW3yUDxtO9CTM3R3CrPRh8osI=,plZYvZPILv++wfbFGftTkAwYubM=
26,8,1MTW3yUDxtO9CTM3R3CrPRh8osI=,lF+/BIVKRXsXjMzx7EtM7R10yTc=
25,7,1MTW3yUDxtO9CTM3R3CrPRh8osI=,6+//9VTlMcybipbt+ta1jfEBG1I=
26,7,1MTW3yUDxtO9CTM3R3CrPRh8osI=,nMBsmw0VAvPtYlFkZ87D63628eM=
28,7,5Ebl+w3zAX7/NmWLQ7b7/ixnpR0=,2UOmJmISYjibsAl7KddplGUHAHE=
28,8,5Ebl+w3zAX7/NmWLQ7b7/ixnpR0=,FVV5yEZTB/v75LZ+xjXzFx4gzn4=
27,8,5Ebl+w3zAX7/NmWLQ7b7/ixnpR0=,lF+/BIVKRXsXjMzx7EtM7R10yTc=
27,7,5Ebl+w3zAX7/NmWLQ7b7/ixnpR0=,nMBsmw0VAvPtYlFkZ87D63628eM=
30,8,I9u4gNLna3Woy2oXJ6DYRMDWRAU=,+N2KPZ2YQO5rJaRkhLhpr4mlpiw=
29,8,I9u4gNLna3Woy2oXJ6DYRMDWRAU=,FVV5yEZTB/v75LZ+xjXzFx4gzn4=
28,6,I9u4gNLna3Woy2oXJ6DYRMDWRAU=,2UOmJmISYjibsAl7KddplGUHAHE=
30,7,I9u4gNLna3Woy2oXJ6DYRMDWRAU=,eCQopyYteg/KOXXw/SB31HvKmY8=
28,5,I9u4gNLna3Woy2oXJ6DYRMDWRAU=,T7S0UhMlANPRs8yFMCHkOvQHb4Y=
29,7,I9u4gNLna3Woy2oXJ6DYRMDWRAU=,2UOmJmISYjibsAl7KddplGUHAHE=
27,6,I9u4gNLna3Woy2oXJ6DYRMDWRAU=,nMBsmw0VAvPtYlFkZ87D63628eM=
27,5,I9u4gNLna3Woy2oXJ6DYRMDWRAU=,yqDyQExhlxJ0EOu9CpXZcyYTHPk=
30,6,OXNA/SOLBM7xrPo+ZGZl8FrPe8Y=,eCQopyYteg/KOXXw/SB31HvKmY8=
30,5,OXNA/SOLBM7xrPo+ZGZl8FrPe8Y=,U4/3lVXZLr77GxwOmxQIWNH8J9U=
29,5,OXNA/SOLBM7xrPo+ZGZl8FrPe8Y=,T7S0UhMlANPRs8yFMCHkOvQHb4Y=
29,6,OXNA/SOLBM7xrPo+ZGZl8FrPe8Y=,2UOmJmISYjibsAl7KddplGUHAHE=
28,4,9Pjtc3ZpVwsEd940MFRrTDh09EM=,T7S0UhMlANPRs8yFMCHkOvQHb4Y=
27,4,9Pjtc3ZpVwsEd940MFRrTDh09EM=,yqDyQExhlxJ0EOu9CpXZcyYTHPk=
28,3,9Pjtc3ZpVwsEd940MFRrTDh09EM=,5ZMmvrF6vnvmN6bxceyZBIpR/vY=
27,3,9Pjtc3ZpVwsEd940MFRrTDh09EM=,eCAs8Bvt+0fYPLuh9m0BLuphz2M=
29,4,9Pjtc3ZpVwsEd940MFRrTDh09EM=,T7S0UhMlANPRs8yFMCHkOvQHb4Y=
30,4,9Pjtc3ZpVwsEd940MFRrTDh09EM=,U4/3lVXZLr77GxwOmxQIWNH8J9U=
30,3,9Pjtc3ZpVwsEd940MFRrTDh09EM=,kLVanvOj+MJP267FJlJnsInGUBQ=
29,3,9Pjtc3ZpVwsEd940MFRrTDh09EM=,5ZMmvrF6vnvmN6bxceyZBIpR/vY=
30,2,xanf3MHecLImbWNXKLo5OZqjJr0=,kLVanvOj+MJP267FJlJnsInGUBQ=
29,2,xanf3MHecLImbWNXKLo5OZqjJr0=,5ZMmvrF6vnvmN6bxceyZBIpR/vY=
30,1,xanf3MHecLImbWNXKLo5OZqjJr0=,Q2pLlk3Id/27iL08JvXGR9AADeQ=
29,1,xanf3MHecLImbWNXKLo5OZqjJr0=,LsG/Xoulr96Y4sZLplkf84zR8zo=
28,2,xanf3MHecLImbWNXKLo5OZqjJr0=,5ZMmvrF6vnvmN6bxceyZBIpR/vY=
27,2,xanf3MHecLImbWNXKLo5OZqjJr0=,eCAs8Bvt+0fYPLuh9m0BLuphz2M=
27,1,xanf3MHecLImbWNXKLo5OZqjJr0=,rAXSwP+Xalnxzdmkk5syCU3Twuc=
28,1,xanf3MHecLImbWNXKLo5OZqjJr0=,LsG/Xoulr96Y4sZLplkf84zR8zo=
26,2,xanf3MHecLImbWNXKLo5OZqjJr0=,eCAs8Bvt+0fYPLuh9m0BLuphz2M=
25,2,xanf3MHecLImbWNXKLo5OZqjJr0=,u46WItCEeyvyEsDSysZHb/BDB50=
26,1,xanf3MHecLImbWNXKLo5OZqjJr0=,rAXSwP+Xalnxzdmkk5syCU3Twuc=
25,1,xanf3MHecLImbWNXKLo5OZqjJr0=,OY9x2tUvmxLaDHUtRU6B/4NOT3E=
24,2,xanf3MHecLImbWNXKLo5OZqjJr0=,u46WItCEeyvyEsDSysZHb/BDB50=
23,2,2h8iMrkUY/xnzp1rmvlXu1VKYgE=,DYR/00tKYoKMy5MS+2bZ8xcgkac=
23,1,2h8iMrkUY/xnzp1rmvlXu1VKYgE=,z/lPsZjYatgeEf+0DXqx4xWBJIU=
24,1,2h8iMrkUY/xnzp1rmvlXu1VKYgE=,OY9x2tUvmxLaDHUtRU6B/4NOT3E=
22,2,Bgb4KDVAPOeR6HaI+wsyQF424iE=,DYR/00tKYoKMy5MS+2bZ8xcgkac=
22,1,LkfgsX14AXI9J9XhamDxGElB8Y4=,z/lPsZjYatgeEf+0DXqx4xWBJIU=
21,2,LkfgsX14AXI9J9XhamDxGElB8Y4=,48WbUzbVO53ErJZ3Ll5vhcAmpcU=
21,1,LkfgsX14AXI9J9XhamDxGElB8Y4=,QDa+JSw5HrXTHBWePJTdNEtq57A=
19,1,LkfgsX14AXI9J9XhamDxGElB8Y4=,w8lLkr37gUt4Yg5mNmNYryPVZR4=
19,2,LkfgsX14AXI9J9XhamDxGElB8Y4=,1aaVd/ZP+fZSs1INIKARDMkbLiI=
20,2,LkfgsX14AXI9J9XhamDxGElB8Y4=,48WbUzbVO53ErJZ3Ll5vhcAmpcU=
20,1,LkfgsX14AXI9J9XhamDxGElB8Y4=,QDa+JSw5HrXTHBWePJTdNEtq57A=
17,1,THY+AFSxIxmL+5nkQoYdcdB8/yQ=,7Xr3LMKPy1lpa7hty8AZhtFRRtg=
17,2,THY+AFSxIxmL+5nkQoYdcdB8/yQ=,FYAjwUvoVrYpuEZwe6BLL2/weWY=
18,1,THY+AFSxIxmL+5nkQoYdcdB8/yQ=,w8lLkr37gUt4Yg5mNmNYryPVZR4=
18,2,THY+AFSxIxmL+5nkQoYdcdB8/yQ=,1aaVd/ZP+fZSs1INIKARDMkbLiI=
17,3,THY+AFSxIxmL+5nkQoYdcdB8/yQ=,FYAjwUvoVrYpuEZwe6BLL2/weWY=
18,4,THY+AFSxIxmL+5nkQoYdcdB8/yQ=,8lIsAdmWoB8G9IdgXy4DUVK2qD8=
18,3,THY+AFSxIxmL+5nkQoYdcdB8/yQ=,1aaVd/ZP+fZSs1INIKARDMkbLiI=
17,4,THY+AFSxIxmL+5nkQoYdcdB8/yQ=,gKf0WPwbOT1dosgPRJOQO8y7+tc=
18,6,rFjA38uhoMy5XG77ZsDYFcvV9CY=,O9jmHpHN7yaYCj5WPLqfaYC5L+A=
17,5,rFjA38uhoMy5XG77ZsDYFcvV9CY=,gKf0WPwbOT1dosgPRJOQO8y7+tc=
17,6,rFjA38uhoMy5XG77ZsDYFcvV9CY=,90/aIXTNpBKgeIUG0fXQHotmvAw=
18,5,rFjA38uhoMy5XG77ZsDYFcvV9CY=,8lIsAdmWoB8G9IdgXy4DUVK2qD8=
18,8,rFjA38uhoMy5XG77ZsDYFcvV9CY=,uqEZ0URKjSjot42bA3N7Qxe+TwE=
18,7,rFjA38uhoMy5XG77ZsDYFcvV9CY=,O9jmHpHN7yaYCj5WPLqfaYC5L+A=
17,7,rFjA38uhoMy5XG77ZsDYFcvV9CY=,90/aIXTNpBKgeIUG0fXQHotmvAw=
17,8,rFjA38uhoMy5XG77ZsDYFcvV9CY=,FlWNPSVAxo06xC9MII+vHLsV42k=
19,9,UBMhB25Jm8UrubuaM0CRuFCZOXI=,uqEZ0URKjSjot42bA3N7Qxe+TwE=
20,10,UBMhB25Jm8UrubuaM0CRuFCZOXI=,DOE1SRyVLgIJnRfWqI2NTdKsVhY=
19,10,UBMhB25Jm8UrubuaM0CRuFCZOXI=,H8B2RAMWfDjkFA7kZwuKmhDpChU=
20,9,UBMhB25Jm8UrubuaM0CRuFCZOXI=,sSiMhvKk4VixsokeC6ug7XaoL7I=
18,10,DdKiEf8mMKNm1eVmEnib4OR+0w8=,H8B2RAMWfDjkFA7kZwuKmhDpChU=
17,9,DdKiEf8mMKNm1eVmEnib4OR+0w8=,FlWNPSVAxo06xC9MII+vHLsV42k=
18,9,DdKiEf8mMKNm1eVmEnib4OR+0w8=,uqEZ0URKjSjot42bA3N7Qxe+TwE=
17,10,DdKiEf8mMKNm1eVmEnib4OR+0w8=,I7NjzTNvLSimgzojpjZEXH75dUk=
20,11,DdKiEf8mMKNm1eVmEnib4OR+0w8=,DOE1SRyVLgIJnRfWqI2NTdKsVhY=
19,11,DdKiEf8mMKNm1eVmEnib4OR+0w8=,H8B2RAMWfDjkFA7kZwuKmhDpChU=
17,11,DdKiEf8mMKNm1eVmEnib4OR+0w8=,I7NjzTNvLSimgzojpjZEXH75dUk=
19,12,DdKiEf8mMKNm1eVmEnib4OR+0w8=,PuW5gbM+n/u4KXoVpimH7EXkkXw=
17,12,DdKiEf8mMKNm1eVmEnib4OR+0w8=,7qj2BDHxYDI6QfWjgn29K+g5Qf8=
20,12,DdKiEf8mMKNm1eVmEnib4OR+0w8=,DjyCNAW9eEiC/41RBryeqCEE9tw=
18,11,DdKiEf8mMKNm1eVmEnib4OR+0w8=,H8B2RAMWfDjkFA7kZwuKmhDpChU=
18,12,DdKiEf8mMKNm1eVmEnib4OR+0w8=,PuW5gbM+n/u4KXoVpimH7EXkkXw=
22,15,DdKiEf8mMKNm1eVmEnib4OR+0w8=,CHWMXvmJ16MUKUomEmkYgMs7MHc=
21,15,DdKiEf8mMKNm1eVmEnib4OR+0w8=,Qv9fPimUNW9M4MaY6aF6xoKc2eM=
19,13,64XHJ0TPsH85tW5QuJffSvQ3Ud8=,PuW5gbM+n/u4KXoVpimH7EXkkXw=
19,14,64XHJ0TPsH85tW5QuJffSvQ3Ud8=,SPt19yNTfkgdaeY0wNKRHm6m1dc=
19,15,64XHJ0TPsH85tW5QuJffSvQ3Ud8=,SPt19yNTfkgdaeY0wNKRHm6m1dc=
20,15,64XHJ0TPsH85tW5QuJffSvQ3Ud8=,Qv9fPimUNW9M4MaY6aF6xoKc2eM=
20,13,64XHJ0TPsH85tW5QuJffSvQ3Ud8=,DjyCNAW9eEiC/41RBryeqCEE9tw=
20,14,64XHJ0TPsH85tW5QuJffSvQ3Ud8=,Qv9fPimUNW9M4MaY6aF6xoKc2eM=
17,14,DWVtxHOH1EmgNKdaoD4VjaezhkQ=,CksFpCljYjGMR0ezJDvBsNVUNBY=
18,14,DWVtxHOH1EmgNKdaoD4VjaezhkQ=,SPt19yNTfkgdaeY0wNKRHm6m1dc=
16,13,DWVtxHOH1EmgNKdaoD4VjaezhkQ=,7qj2BDHxYDI6QfWjgn29K+g5Qf8=
18,13,DWVtxHOH1EmgNKdaoD4VjaezhkQ=,PuW5gbM+n/u4KXoVpimH7EXkkXw=
17,15,DWVtxHOH1EmgNKdaoD4VjaezhkQ=,CksFpCljYjGMR0ezJDvBsNVUNBY=
16,14,DWVtxHOH1EmgNKdaoD4VjaezhkQ=,CksFpCljYjGMR0ezJDvBsNVUNBY=
17,13,DWVtxHOH1EmgNKdaoD4VjaezhkQ=,7qj2BDHxYDI6QfWjgn29K+g5Qf8=
18,15,DWVtxHOH1EmgNKdaoD4VjaezhkQ=,SPt19yNTfkgdaeY0wNKRHm6m1dc=
24,12,DWVtxHOH1EmgNKdaoD4VjaezhkQ=,E7717B4iSkowRH+R0Opmg6VbKt0=
24,11,DWVtxHOH1EmgNKdaoD4VjaezhkQ=,7mOo/2R+kXt7YEAsCTsPTmfmdrY=
23,12,DWVtxHOH1EmgNKdaoD4VjaezhkQ=,hTN663hooNYZNcU8uUN8t+WTF84=
23,11,DWVtxHOH1EmgNKdaoD4VjaezhkQ=,sc1ogRkdiiLsORs93yVIJqmeBUY=
24,14,DWVtxHOH1EmgNKdaoD4VjaezhkQ=,XbS67Gi5A8Hr6ZHTMJjJkDCfngM=
23,14,DWVtxHOH1EmgNKdaoD4VjaezhkQ=,CHWMXvmJ16MUKUomEmkYgMs7MHc=
24,13,DWVtxHOH1EmgNKdaoD4VjaezhkQ=,E7717B4iSkowRH+R0Opmg6VbKt0=
23,13,DWVtxHOH1EmgNKdaoD4VjaezhkQ=,hTN663hooNYZNcU8uUN8t+WTF84=
26,14,zedp+8ex56LbFC1MdWNrAUi6w0M=,PhT+z2jfDLdSWJlHUDSG7kyJypI=
25,14,zedp+8ex56LbFC1MdWNrAUi6w0M=,XbS67Gi5A8Hr6ZHTMJjJkDCfngM=
26,13,zedp+8ex56LbFC1MdWNrAUi6w0M=,a8jBCiihjXA2Ck0pD3CuASY2Oto=
25,13,zedp+8ex56LbFC1MdWNrAUi6w0M=,E7717B4iSkowRH+R0Opmg6VbKt0=
28,14,zedp+8ex56LbFC1MdWNrAUi6w0M=,H1x29fS0Np2Mb/K9OgrXtd0ZFFc=
27,14,zedp+8ex56LbFC1MdWNrAUi6w0M=,PhT+z2jfDLdSWJlHUDSG7kyJypI=
28,13,zedp+8ex56LbFC1MdWNrAUi6w0M=,NuzzA0XTZAIt476VVrUNlF236aw=
27,13,zedp+8ex56LbFC1MdWNrAUi6w0M=,a8jBCiihjXA2Ck0pD3CuASY2Oto=
30,14,H03nSqeiZKHpMLwLteJj3p2yHtw=,KvdUaFjhVJk43ic3W5nKhG6Xxw4=
29,14,H03nSqeiZKHpMLwLteJj3p2yHtw=,H1x29fS0Np2Mb/K9OgrXtd0ZFFc=
30,13,H03nSqeiZKHpMLwLteJj3p2yHtw=,0aJ/PIqAKdIAMz+YMNTUyG8NuGs=
29,13,H03nSqeiZKHpMLwLteJj3p2yHtw=,NuzzA0XTZAIt476VVrUNlF236aw=
31,8,H03nSqeiZKHpMLwLteJj3p2yHtw=,+N2KPZ2YQO5rJaRkhLhpr4mlpiw=
29,10,H03nSqeiZKHpMLwLteJj3p2yHtw=,QAmBiISoStlWh1kV39OgtSD7kWU=
31,7,H03nSqeiZKHpMLwLteJj3p2yHtw=,eCQopyYteg/KOXXw/SB31HvKmY8=
29,11,H03nSqeiZKHpMLwLteJj3p2yHtw=,QAmBiISoStlWh1kV39OgtSD7kWU=
30,10,H03nSqeiZKHpMLwLteJj3p2yHtw=,JneM9qeNm4/+zutUPJcY8YDnhco=
30,12,H03nSqeiZKHpMLwLteJj3p2yHtw=,0aJ/PIqAKdIAMz+YMNTUyG8NuGs=
31,12,H03nSqeiZKHpMLwLteJj3p2yHtw=,0aJ/PIqAKdIAMz+YMNTUyG8NuGs=
31,10,VG3FkCUYOiJINvwzrPGnO9/F088=,JneM9qeNm4/+zutUPJcY8YDnhco=
31,14,VG3FkCUYOiJINvwzrPGnO9/F088=,KvdUaFjhVJk43ic3W5nKhG6Xxw4=
31,11,VG3FkCUYOiJINvwzrPGnO9/F088=,JneM9qeNm4/+zutUPJcY8YDnhco=
30,11,VG3FkCUYOiJINvwzrPGnO9/F088=,JneM9qeNm4/+zutUPJcY8YDnhco=
31,13,VG3FkCUYOiJINvwzrPGnO9/F088=,0aJ/PIqAKdIAMz+YMNTUyG8NuGs=
29,12,VG3FkCUYOiJINvwzrPGnO9/F088=,NuzzA0XTZAIt476VVrUNlF236aw=
29,9,VG3FkCUYOiJINvwzrPGnO9/F088=,FVV5yEZTB/v75LZ+xjXzFx4gzn4=
31,9,VG3FkCUYOiJINvwzrPGnO9/F088=,+N2KPZ2YQO5rJaRkhLhpr4mlpiw=
30,9,VG3FkCUYOiJINvwzrPGnO9/F088=,+N2KPZ2YQO5rJaRkhLhpr4mlpiw=
29,15,VG3FkCUYOiJINvwzrPGnO9/F088=,H1x29fS0Np2Mb/K9OgrXtd0ZFFc=
28,15,VG3FkCUYOiJINvwzrPGnO9/F088=,H1x29fS0Np2Mb/K9OgrXtd0ZFFc=
27,15,VG3FkCUYOiJINvwzrPGnO9/F088=,PhT+z2jfDLdSWJlHUDSG7kyJypI=
31,15,VG3FkCUYOiJINvwzrPGnO9/F088=,KvdUaFjhVJk43ic3W5nKhG6Xxw4=
30,15,VG3FkCUYOiJINvwzrPGnO9/F088=,KvdUaFjhVJk43ic3W5nKhG6Xxw4=
26,15,VG3FkCUYOiJINvwzrPGnO9/F088=,PhT+z2jfDLdSWJlHUDSG7kyJypI=
25,15,VG3FkCUYOiJINvwzrPGnO9/F088=,XbS67Gi5A8Hr6ZHTMJjJkDCfngM=
24,15,VG3FkCUYOiJINvwzrPGnO9/F088=,XbS67Gi5A8Hr6ZHTMJjJkDCfngM=
23,15,VG3FkCUYOiJINvwzrPGnO9/F088=,CHWMXvmJ16MUKUomEmkYgMs7MHc=
31,6,VG3FkCUYOiJINvwzrPGnO9/F088=,eCQopyYteg/KOXXw/SB31HvKmY8=
31,5,VG3FkCUYOiJINvwzrPGnO9/F088=,U4/3lVXZLr77GxwOmxQIWNH8J9U=
31,4,VG3FkCUYOiJINvwzrPGnO9/F088=,U4/3lVXZLr77GxwOmxQIWNH8J9U=
31,2,VG3FkCUYOiJINvwzrPGnO9/F088=,kLVanvOj+MJP267FJlJnsInGUBQ=
31,3,VG3FkCUYOiJINvwzrPGnO9/F088=,kLVanvOj+MJP267FJlJnsInGUBQ=
31,1,VG3FkCUYOiJINvwzrPGnO9/F088=,Q2pLlk3Id/27iL08JvXGR9AADeQ=
30,0,70KHCmueJHYT+HATEUFCZBCZYBE=,Q2pLlk3Id/27iL08JvXGR9AADeQ=
28,0,70KHCmueJHYT+HATEUFCZBCZYBE=,LsG/Xoulr96Y4sZLplkf84zR8zo=
27,0,70KHCmueJHYT+HATEUFCZBCZYBE=,rAXSwP+Xalnxzdmkk5syCU3Twuc=
29,0,70KHCmueJHYT+HATEUFCZBCZYBE=,LsG/Xoulr96Y4sZLplkf84zR8zo=
26,0,70KHCmueJHYT+HATEUFCZBCZYBE=,rAXSwP+Xalnxzdmkk5syCU3Twuc=
24,0,70KHCmueJHYT+HATEUFCZBCZYBE=,OY9x2tUvmxLaDHUtRU6B/4NOT3E=
23,0,70KHCmueJHYT+HATEUFCZBCZYBE=,z/lPsZjYatgeEf+0DXqx4xWBJIU=
25,0,70KHCmueJHYT+HATEUFCZBCZYBE=,OY9x2tUvmxLaDHUtRU6B/4NOT3E=
18,0,70KHCmueJHYT+HATEUFCZBCZYBE=,w8lLkr37gUt4Yg5mNmNYryPVZR4=
22,0,70KHCmueJHYT+HATEUFCZBCZYBE=,z/lPsZjYatgeEf+0DXqx4xWBJIU=
17,0,70KHCmueJHYT+HATEUFCZBCZYBE=,7Xr3LMKPy1lpa7hty8AZhtFRRtg=
19,0,70KHCmueJHYT+HATEUFCZBCZYBE=,w8lLkr37gUt4Yg5mNmNYryPVZR4=
20,0,70KHCmueJHYT+HATEUFCZBCZYBE=,QDa+JSw5HrXTHBWePJTdNEtq57A=
21,0,70KHCmueJHYT+HATEUFCZBCZYBE=,QDa+JSw5HrXTHBWePJTdNEtq57A=
16,0,70KHCmueJHYT+HATEUFCZBCZYBE=,7Xr3LMKPy1lpa7hty8AZhtFRRtg=
16,1,70KHCmueJHYT+HATEUFCZBCZYBE=,7Xr3LMKPy1lpa7hty8AZhtFRRtg=
16,2,70KHCmueJHYT+HATEUFCZBCZYBE=,FYAjwUvoVrYpuEZwe6BLL2/weWY=
16,5,70KHCmueJHYT+HATEUFCZBCZYBE=,gKf0WPwbOT1dosgPRJOQO8y7+tc=
16,6,70KHCmueJHYT+HATEUFCZBCZYBE=,90/aIXTNpBKgeIUG0fXQHotmvAw=
16,3,70KHCmueJHYT+HATEUFCZBCZYBE=,FYAjwUvoVrYpuEZwe6BLL2/weWY=
16,7,70KHCmueJHYT+HATEUFCZBCZYBE=,90/aIXTNpBKgeIUG0fXQHotmvAw=
16,4,70KHCmueJHYT+HATEUFCZBCZYBE=,gKf0WPwbOT1dosgPRJOQO8y7+tc=
16,8,70KHCmueJHYT+HATEUFCZBCZYBE=,FlWNPSVAxo06xC9MII+vHLsV42k=
16,9,70KHCmueJHYT+HATEUFCZBCZYBE=,FlWNPSVAxo06xC9MII+vHLsV42k=
16,10,70KHCmueJHYT+HATEUFCZBCZYBE=,I7NjzTNvLSimgzojpjZEXH75dUk=
16,12,70KHCmueJHYT+HATEUFCZBCZYBE=,7qj2BDHxYDI6QfWjgn29K+g5Qf8=
16,11,70KHCmueJHYT+HATEUFCZBCZYBE=,I7NjzTNvLSimgzojpjZEXH75dUk=
25,10,MZEEWv2bH8EQk2+BcmWhXl3ju7o=,7mOo/2R+kXt7YEAsCTsPTmfmdrY=
28,10,MZEEWv2bH8EQk2+BcmWhXl3ju7o=,QAmBiISoStlWh1kV39OgtSD7kWU=
26,10,MZEEWv2bH8EQk2+BcmWhXl3ju7o=,5FcExq2SKp/oQBIpK0EuURVYW3c=
26,12,MZEEWv2bH8EQk2+BcmWhXl3ju7o=,a8jBCiihjXA2Ck0pD3CuASY2Oto=
28,12,MZEEWv2bH8EQk2+BcmWhXl3ju7o=,NuzzA0XTZAIt476VVrUNlF236aw=
28,11,MZEEWv2bH8EQk2+BcmWhXl3ju7o=,QAmBiISoStlWh1kV39OgtSD7kWU=
27,9,MZEEWv2bH8EQk2+BcmWhXl3ju7o=,lF+/BIVKRXsXjMzx7EtM7R10yTc=
25,11,MZEEWv2bH8EQk2+BcmWhXl3ju7o=,7mOo/2R+kXt7YEAsCTsPTmfmdrY=
27,11,MZEEWv2bH8EQk2+BcmWhXl3ju7o=,5FcExq2SKp/oQBIpK0EuURVYW3c=
26,9,MZEEWv2bH8EQk2+BcmWhXl3ju7o=,lF+/BIVKRXsXjMzx7EtM7R10yTc=
27,12,MZEEWv2bH8EQk2+BcmWhXl3ju7o=,a8jBCiihjXA2Ck0pD3CuASY2Oto=
28,9,MZEEWv2bH8EQk2+BcmWhXl3ju7o=,FVV5yEZTB/v75LZ+xjXzFx4gzn4=
25,9,MZEEWv2bH8EQk2+BcmWhXl3ju7o=,plZYvZPILv++wfbFGftTkAwYubM=
27,10,MZEEWv2bH8EQk2+BcmWhXl3ju7o=,5FcExq2SKp/oQBIpK0EuURVYW3c=
25,12,MZEEWv2bH8EQk2+BcmWhXl3ju7o=,E7717B4iSkowRH+R0Opmg6VbKt0=
26,11,MZEEWv2bH8EQk2+BcmWhXl3ju7o=,5FcExq2SKp/oQBIpK0EuURVYW3c=
31,0,MZEEWv2bH8EQk2+BcmWhXl3ju7o=,Q2pLlk3Id/27iL08JvXGR9AADeQ=
16,15,MZEEWv2bH8EQk2+BcmWhXl3ju7o=,CksFpCljYjGMR0ezJDvBsNVUNBY=
24,8,f2mlL93md6oFm1GrWoIpsoKGcnc=,plZYvZPILv++wfbFGftTkAwYubM=
20,8,f2mlL93md6oFm1GrWoIpsoKGcnc=,sSiMhvKk4VixsokeC6ug7XaoL7I=
24,6,f2mlL93md6oFm1GrWoIpsoKGcnc=,6+//9VTlMcybipbt+ta1jfEBG1I=
21,8,f2mlL93md6oFm1GrWoIpsoKGcnc=,sSiMhvKk4VixsokeC6ug7XaoL7I=
19,7,f2mlL93md6oFm1GrWoIpsoKGcnc=,O9jmHpHN7yaYCj5WPLqfaYC5L+A=
21,7,f2mlL93md6oFm1GrWoIpsoKGcnc=,+wOrPXoXrad0B6Hy0jJV/1t7QwM=
19,8,f2mlL93md6oFm1GrWoIpsoKGcnc=,uqEZ0URKjSjot42bA3N7Qxe+TwE=
20,7,f2mlL93md6oFm1GrWoIpsoKGcnc=,+wOrPXoXrad0B6Hy0jJV/1t7QwM=
24,7,f2mlL93md6oFm1GrWoIpsoKGcnc=,6+//9VTlMcybipbt+ta1jfEBG1I=
22,8,f2mlL93md6oFm1GrWoIpsoKGcnc=,0Qd/pJkCShm4uUuCUTte6o6fxwY=
23,6,f2mlL93md6oFm1GrWoIpsoKGcnc=,tpv3XNyIdHPxFRJ/9bL1bbvX9x4=
21,5,f2mlL93md6oFm1GrWoIpsoKGcnc=,uS12G27miTqPTtn5HmKjpLFKV8U=
23,8,f2mlL93md6oFm1GrWoIpsoKGcnc=,0Qd/pJkCShm4uUuCUTte6o6fxwY=
20,6,f2mlL93md6oFm1GrWoIpsoKGcnc=,+wOrPXoXrad0B6Hy0jJV/1t7QwM=
22,7,f2mlL93md6oFm1GrWoIpsoKGcnc=,tpv3XNyIdHPxFRJ/9bL1bbvX9x4=
19,3,f2mlL93md6oFm1GrWoIpsoKGcnc=,1aaVd/ZP+fZSs1INIKARDMkbLiI=
20,4,f2mlL93md6oFm1GrWoIpsoKGcnc=,uS12G27miTqPTtn5HmKjpLFKV8U=
22,4,f2mlL93md6oFm1GrWoIpsoKGcnc=,4vYiD1BV6bv3lwxzfI4Usu/znhc=
24,5,f2mlL93md6oFm1GrWoIpsoKGcnc=,+2TPOOBGIQRvYFQ5B/SAYL/joiU=
23,7,f2mlL93md6oFm1GrWoIpsoKGcnc=,tpv3XNyIdHPxFRJ/9bL1bbvX9x4=
21,6,f2mlL93md6oFm1GrWoIpsoKGcnc=,+wOrPXoXrad0B6Hy0jJV/1t7QwM=
22,5,f2mlL93md6oFm1GrWoIpsoKGcnc=,4vYiD1BV6bv3lwxzfI4Usu/znhc=
19,4,f2mlL93md6oFm1GrWoIpsoKGcnc=,8lIsAdmWoB8G9IdgXy4DUVK2qD8=
19,5,f2mlL93md6oFm1GrWoIpsoKGcnc=,8lIsAdmWoB8G9IdgXy4DUVK2qD8=
23,5,f2mlL93md6oFm1GrWoIpsoKGcnc=,4vYiD1BV6bv3lwxzfI4Usu/znhc=
19,6,f2mlL93md6oFm1GrWoIpsoKGcnc=,O9jmHpHN7yaYCj5WPLqfaYC5L+A=
21,4,f2mlL93md6oFm1GrWoIpsoKGcnc=,uS12G27miTqPTtn5HmKjpLFKV8U=
20,5,f2mlL93md6oFm1GrWoIpsoKGcnc=,uS12G27miTqPTtn5HmKjpLFKV8U=
22,6,f2mlL93md6oFm1GrWoIpsoKGcnc=,tpv3XNyIdHPxFRJ/9bL1bbvX9x4=
22,3,f2mlL93md6oFm1GrWoIpsoKGcnc=,DYR/00tKYoKMy5MS+2bZ8xcgkac=
20,3,f2mlL93md6oFm1GrWoIpsoKGcnc=,48WbUzbVO53ErJZ3Ll5vhcAmpcU=
21,3,f2mlL93md6oFm1GrWoIpsoKGcnc=,48WbUzbVO53ErJZ3Ll5vhcAmpcU=
