-18,14,ozpjal495hfowlg3uI8mSBReCSE=,0KOttMSrXiml+UPayBhkS9vpTeU=
-18,15,ozpjal495hfowlg3uI8mSBReCSE=,/Rt2m6t3Sf4Y9whezcZbjzJ2Cek=
-18,12,ozpjal495hfowlg3uI8mSBReCSE=,Artlgg13ZSX7Cfj/O+1bu6tbySk=
-18,13,ozpjal495hfowlg3uI8mSBReCSE=,0LJF+M7A0QU7tw/+Fece7D6zuCQ=
-18,10,4SD0xyjivuMidh5S0EDUOUGSC2Y=,1V3re3cxoulDQD6UnS049ZbqGS4=
-18,11,4SD0xyjivuMidh5S0EDUOUGSC2Y=,KteHL8pzqXVZfeMlCiRBs/nDliA=
-18,8,4SD0xyjivuMidh5S0EDUOUGSC2Y=,+awXC4r4foikc5RKCbVy4RLcmSI=
-18,9,4SD0xyjivuMidh5S0EDUOUGSC2Y=,cDSEbfElftYpw7ReFUdjLA0FPfY=
-18,6,4SD0xyjivuMidh5S0EDUOUGSC2Y=,qV2hN0oIp1N8KfPqQd+ojBtv9Nk=
-18,7,4SD0xyjivuMidh5S0EDUOUGSC2Y=,MRXdNVwR/I1Jx9Nj2617FIZef+4=
-18,4,4SD0xyjivuMidh5S0EDUOUGSC2Y=,jzhhkm2qaDlbypnlY0V4sAbl30E=
-18,5,4SD0xyjivuMidh5S0EDUOUGSC2Y=,TtZtuR7TUu6kZgwaoft/+UHJk0o=
-18,2,4SD0xyjivuMidh5S0EDUOUGSC2Y=,QwbVvcxf+IX4lH8/SEnBgRtJufE=
-18,3,4SD0xyjivuMidh5S0EDUOUGSC2Y=,lgD6hMMORQPGcSXShRmj/uWvU8Y=
-18,0,4SD0xyjivuMidh5S0EDUOUGSC2Y=,V66iHf0UetCVda2NAEZJAnmJOQA=
-18,1,4SD0xyjivuMidh5S0EDUOUGSC2Y=,8wOlSD5wl2SHduFeHBuhwZXSIkM=
-18,18,4SD0xyjivuMidh5S0EDUOUGSC2Y=,JIUcv5jbLRto6pQDkUynn/PsqR4=
-18,16,4SD0xyjivuMidh5S0EDUOUGSC2Y=,8GKQTG5nfS805I/ZSF9++NfOGPc=
-18,17,4SD0xyjivuMidh5S0EDUOUGSC2Y=,8GKQTG5nfS805I/ZSF9++NfOGPc=
-17,15,4SD0xyjivuMidh5S0EDUOUGSC2Y=,lXwag1Oa7n01qEDIExdkpP5AECU=
-17,14,yI9ItV1aeofQwjx5SoaYv20Xsqk=,lOjYyn496Krwk0jFcdhcY9qQAoI=
-17,13,yI9ItV1aeofQwjx5SoaYv20Xsqk=,3oEPUqBAfETh9embA4ZQMtktK5Y=
-17,12,yI9ItV1aeofQwjx5SoaYv20Xsqk=,b19gO/nTRr6U4Hf4BDPpecGvOVk=
-17,11,yI9ItV1aeofQwjx5SoaYv20Xsqk=,omyy7ouz2ECi/OGUxhT+BMxOJM4=
-17,10,yI9ItV1aeofQwjx5SoaYv20Xsqk=,MQBxILD087MvEQe+4S2NtifdnFY=
-17,9,yI9ItV1aeofQwjx5SoaYv20Xsqk=,jmJKq/m/wfJkm7sgJk+iLc4L46M=
-17,8,yI9ItV1aeofQwjx5SoaYv20Xsqk=,rXZgArTovFuNBsGa7sNe920ieBY=
-17,7,yI9ItV1aeofQwjx5SoaYv20Xsqk=,pyar54NdQ0N0qSCdHh6vuaJkSkw=
-17,6,yI9ItV1aeofQwjx5SoaYv20Xsqk=,91wuCUx5ThzqoLctNTmVV/ofnLQ=
-17,5,yI9ItV1aeofQwjx5SoaYv20Xsqk=,6kIQbPlMyABNB8qVc56w8OUxBfA=
-17,4,yI9ItV1aeofQwjx5SoaYv20Xsqk=,bSAdZUlnREG9OvpqMCY6bVMQFSI=
-17,3,yI9ItV1aeofQwjx5SoaYv20Xsqk=,WuEi9x6J7dEYkXSJAAPW4RHB994=
-17,2,yI9ItV1aeofQwjx5SoaYv20Xsqk=,9UlnHU7iJFbfsI47ZWIOlDRbZN0=
-17,1,yI9ItV1aeofQwjx5SoaYv20Xsqk=,JN0AwUpZq1zw13xhh34qOD1t9pk=
-17,0,yI9ItV1aeofQwjx5SoaYv20Xsqk=,+7ys0lw1oB1KggU0CUUhftAnmOE=
-17,18,yI9ItV1aeofQwjx5SoaYv20Xsqk=,Usma+lmp4mdJtCZZ0p6+2wxUm24=
-17,17,yI9ItV1aeofQwjx5SoaYv20Xsqk=,8PeGqlKZdZE02nyka8kdY0igwVA=
-17,16,MTKniEt3Rb+RS4QITKQQ/Cpkl5Q=,8PeGqlKZdZE02nyka8kdY0igwVA=
-16,16,MTKniEt3Rb+RS4QITKQQ/Cpkl5Q=,qtopQd3aiCgKK4bjoLSTojXi8+A=
-16,17,MTKniEt3Rb+RS4QITKQQ/Cpkl5Q=,c/dYOoa2ogNOPw4UMQhIzIucQBE=
-16,18,MTKniEt3Rb+RS4QITKQQ/Cpkl5Q=,O37pw9BksHd2DqbZ/XytkvasVGc=
-16,0,MTKniEt3Rb+RS4QITKQQ/Cpkl5Q=,swaIxqdwoLOmFNI4ZZIbMw+pegg=
-16,1,MTKniEt3Rb+RS4QITKQQ/Cpkl5Q=,vLUH/nwq4PXTnrpf3efqfpcl0lg=
-16,2,MTKniEt3Rb+RS4QITKQQ/Cpkl5Q=,nLQKR3k/5F9fReHOYAVvfGkL050=
-16,3,MTKniEt3Rb+RS4QITKQQ/Cpkl5Q=,swaIxqdwoLOmFNI4ZZIbMw+pegg=
-16,4,MTKniEt3Rb+RS4QITKQQ/Cpkl5Q=,Y2oSvRODRs54bdQ6k8On23PRfU8=
-16,5,MTKniEt3Rb+RS4QITKQQ/Cpkl5Q=,/Rbh2rlt7Bzl4KtnZFlSgcZSy5M=
-16,6,nih9MLZFdEOzGzZcB19AwGxUZkA=,1UTtCDHlyFZWt9AxzOGBtOwabWw=
-16,7,nih9MLZFdEOzGzZcB19AwGxUZkA=,fl/kugrEGTuedcLq/BgLhJryKlQ=
-16,8,nih9MLZFdEOzGzZcB19AwGxUZkA=,MxwIpfU91HWmJg+rwzdUoa/ww0s=
-16,9,nih9MLZFdEOzGzZcB19AwGxUZkA=,9Oi3vOY8fdqOAZtx0X9iuQFuCzE=
-16,10,nih9MLZFdEOzGzZcB19AwGxUZkA=,SH8cq9heSOM+rAGZBrgy0kCoais=
-16,11,nih9MLZFdEOzGzZcB19AwGxUZkA=,rMBpMjzBK8VRmP0aCC0N2rnJX2M=
-16,12,nih9MLZFdEOzGzZcB19AwGxUZkA=,z54py1yeU+Gkui+5j4x0R4IdlPc=
-16,13,nih9MLZFdEOzGzZcB19AwGxUZkA=,mxNMkpx8UzY9q9zBuXOan3OsmWQ=
-16,14,nih9MLZFdEOzGzZcB19AwGxUZkA=,bX8ERDqZ2UuB3vunYtaFvzXLbOM=
-16,15,nih9MLZFdEOzGzZcB19AwGxUZkA=,K/SczpsYcXI19xFYCH99CFM8aec=
-15,17,nih9MLZFdEOzGzZcB19AwGxUZkA=,2gOPfbO7G0YrsbOk8Z6nFt1Qv5Q=
-15,16,nih9MLZFdEOzGzZcB19AwGxUZkA=,jhGd4TBSsDB3w+UgbvgEdpxrHig=
-15,18,nih9MLZFdEOzGzZcB19AwGxUZkA=,w5nxs/A1IB6YGW5LlwOhctv43Eo=
-15,1,nih9MLZFdEOzGzZcB19AwGxUZkA=,7oiDmoroFjvllJQ1x+t4sFFTLwM=
-15,0,nih9MLZFdEOzGzZcB19AwGxUZkA=,HWcoy+VK6ohufgxcK10hcNDi9WM=
-15,3,nih9MLZFdEOzGzZcB19AwGxUZkA=,nJibow+urHY3PDJzw/ASVycSBHE=
-15,2,nih9MLZFdEOzGzZcB19AwGxUZkA=,WP6yjI6GhmskVCaBn+n2FFb4c9w=
-15,5,nih9MLZFdEOzGzZcB19AwGxUZkA=,+II27xm5KTQb1XICOngzOn1Dtlo=
-15,4,nih9MLZFdEOzGzZcB19AwGxUZkA=,yGAuz6B2HEEGXnqN/20uknShl68=
-15,7,K55OgaRxWAeHUsxQu94tO87AX30=,dzGSE/QRJz6oPYyGYvqsupD344Q=
-15,6,K55OgaRxWAeHUsxQu94tO87AX30=,mR5b0EnfH3WZzv9ZDHRHl5GVUYs=
-15,9,K55OgaRxWAeHUsxQu94tO87AX30=,Gidc+C/VTAhSWD3f6wYH3wHzVMg=
-15,8,K55OgaRxWAeHUsxQu94tO87AX30=,UbDzxEjg3TrP9GY/QnC2cAAWQgk=
-15,11,K55OgaRxWAeHUsxQu94tO87AX30=,A5dObqao14KSXHm9Qm2iyLN8fPI=
-15,10,K55OgaRxWAeHUsxQu94tO87AX30=,bLVdveREa843TNXCggdgrelHHXc=
-15,13,K55OgaRxWAeHUsxQu94tO87AX30=,7LtVhgktUOm6tOnVuywS6sdWDJ0=
-15,12,K55OgaRxWAeHUsxQu94tO87AX30=,rfuSl6RSnQDpJpzVJKiOorg6iRo=
-15,15,K55OgaRxWAeHUsxQu94tO87AX30=,3U8IADeKhGI/0zqtTxt5SOiged4=
-15,14,K55OgaRxWAeHUsxQu94tO87AX30=,eS+2XZ9nnM39PI1QNshNPl2mfKw=
-14,18,K55OgaRxWAeHUsxQu94tO87AX30=,8xp2X+447akfX/b94EnsBnckxZo=
-14,16,K55OgaRxWAeHUsxQu94tO87AX30=,CZ/QReEH9Qi7IJJBF+J8Z5+cNiE=
-14,17,K55OgaRxWAeHUsxQu94tO87AX30=,wtJ1IRjZ9xpOqkStm7DKBItFc5A=
-14,2,K55OgaRxWAeHUsxQu94tO87AX30=,8HuXSj6A7bHNNbmWoNR3QNle9nI=
-14,3,K55OgaRxWAeHUsxQu94tO87AX30=,mMm5xVrMyvlps3QZ2TEm5NHGcQ4=
-14,0,K55OgaRxWAeHUsxQu94tO87AX30=,O4eZYReI4YGrex3lzwDAfB9bJnc=
-14,1,oWUn1kd1OCzhg4B5xsoJs3VgtCk=,CrtH+i6E94rqSjnUyaK6V1pSv04=
-14,6,oWUn1kd1OCzhg4B5xsoJs3VgtCk=,wfNdAVYcZmrGK1ojkyCJWzMxvEU=
-14,7,oWUn1kd1OCzhg4B5xsoJs3VgtCk=,ecMpoPROEiHGrbqMugyGddgIKZI=
-14,4,oWUn1kd1OCzhg4B5xsoJs3VgtCk=,frgbA8g2d6nvKoLatZbZugIvhZc=
-14,5,oWUn1kd1OCzhg4B5xsoJs3VgtCk=,LCu9oe0p7jnybdYPSs1W+17By2Q=
-14,10,oWUn1kd1OCzhg4B5xsoJs3VgtCk=,TSVUaOwfuiEUdCRNekJ4mH5Fdf4=
-14,11,oWUn1kd1OCzhg4B5xsoJs3VgtCk=,xmZV0vV8Ah5rXsYnbQ433sRDoiI=
-14,8,oWUn1kd1OCzhg4B5xsoJs3VgtCk=,Zf4eAc09NByOnAdv3tyXM1itrLI=
-14,9,oWUn1kd1OCzhg4B5xsoJs3VgtCk=,QYNanJ8EDXL3c4ZzHz6GQdyFdqc=
-14,14,oWUn1kd1OCzhg4B5xsoJs3VgtCk=,R6NQwdv+Smm1k2VukPKEHFV2UaA=
-14,15,oWUn1kd1OCzhg4B5xsoJs3VgtCk=,Y0MCZNL8X2dVMz84S6jeEOuXC2I=
-14,12,oWUn1kd1OCzhg4B5xsoJs3VgtCk=,GGPy4cgP2CPxEXuVi91GLcgW9cI=
-14,13,oWUn1kd1OCzhg4B5xsoJs3VgtCk=,rjwTwU7yUSBh9lC0Rmk5EUH7b4g=
-13,18,oWUn1kd1OCzhg4B5xsoJs3VgtCk=,HP3JCwOiyMI6olL4ncwWolFS6qA=
-13,17,oWUn1kd1OCzhg4B5xsoJs3VgtCk=,aeHDndcKEFHuvV9GE9tV2eL296w=
-13,16,oWUn1kd1OCzhg4B5xsoJs3VgtCk=,fguMv075RvfuFJeBNxymeEZFKUg=
-13,3,oWUn1kd1OCzhg4B5xsoJs3VgtCk=,zcAcc7QGhUNnEey3vnJiK0EkUOE=
-13,2,oWUn1kd1OCzhg4B5xsoJs3VgtCk=,IH/lEl4Pmz6DcJ6ttPW0lb8kqiw=
-13,1,lL3/U16OVMmEYVUnG77KcYavXx4=,T+h3tlkYGHKgrgIUTtogrlnHQ4s=
-13,0,lL3/U16OVMmEYVUnG77KcYavXx4=,wzS2aQhWWF7PgUpVu3eRniEXQeA=
-13,7,lL3/U16OVMmEYVUnG77KcYavXx4=,a+sp0LkMFNa2usVO8vmOxvoP3V8=
-13,6,lL3/U16OVMmEYVUnG77KcYavXx4=,EXupay4ECtSZla/zF2hmbbNK8L0=
-13,5,lL3/U16OVMmEYVUnG77KcYavXx4=,EXupay4ECtSZla/zF2hmbbNK8L0=
-13,4,lL3/U16OVMmEYVUnG77KcYavXx4=,K4k2mG3yRW58wgfzrOte3QNd7HY=
-13,11,lL3/U16OVMmEYVUnG77KcYavXx4=,6G0eoeN7BbbugLn0crIBjvl3eF0=
-13,10,lL3/U16OVMmEYVUnG77KcYavXx4=,Pivm3bkQw/Vhn1NvIqoSCKWaDRs=
-13,9,lL3/U16OVMmEYVUnG77KcYavXx4=,b0AH94GWDg9fCHmGP7yeJtIKWcE=
-13,8,lL3/U16OVMmEYVUnG77KcYavXx4=,B3L2f9OIAJGP18Vt4biN96ZQhUg=
-13,15,lL3/U16OVMmEYVUnG77KcYavXx4=,1+U8ZfIdOs41qzF04q3wVWw9bYc=
-13,14,lL3/U16OVMmEYVUnG77KcYavXx4=,pCmwW2pOsd07zCdgb8CZJddQZIk=
-13,13,lL3/U16OVMmEYVUnG77KcYavXx4=,VYIWsj+mjFdQHVUxrRi0hPzo8iA=
-13,12,lL3/U16OVMmEYVUnG77KcYavXx4=,i3vVm+edtByzr/Lz910KBY74Ckg=
-12,16,5uorg7vCYEm/yEHgysbMuVfBnJ8=,cgq4l8btFCaGAEwoAeamIHXyfMk=
-12,17,5uorg7vCYEm/yEHgysbMuVfBnJ8=,MtNtlMYnw8Tgh9e9GNDikbGpzG0=
-12,18,5uorg7vCYEm/yEHgysbMuVfBnJ8=,HP3JCwOiyMI6olL4ncwWolFS6qA=
-12,4,5uorg7vCYEm/yEHgysbMuVfBnJ8=,xWuKhnwweCMpUyGSla2v9cfP2ww=
-12,5,5uorg7vCYEm/yEHgysbMuVfBnJ8=,cbRqGJAQuzlfWjHfaFP167MbTRQ=
-12,6,5uorg7vCYEm/yEHgysbMuVfBnJ8=,zf9hwLjwCyCXWg/+Ek2r1/eW23c=
-12,7,5uorg7vCYEm/yEHgysbMuVfBnJ8=,k70Zxlg9pVgxhFs6/YiJk0dla9Q=
-12,0,5uorg7vCYEm/yEHgysbMuVfBnJ8=,NmjpZ8r100YLPgX3a4a5WhxXknM=
-12,1,5uorg7vCYEm/yEHgysbMuVfBnJ8=,RmeOVRkRO5lzzAfFwNAFGVQLwf8=
-12,2,5uorg7vCYEm/yEHgysbMuVfBnJ8=,4lHSZK4OVcfkTknmNf1ZJGjhFfg=
-12,3,5uorg7vCYEm/yEHgysbMuVfBnJ8=,/o6UL5WGYs6Vgdu0Y1gv/ruxRfI=
-12,12,5uorg7vCYEm/yEHgysbMuVfBnJ8=,GRMSVF237wTWjcrAcLvIsRiK4zg=
-12,13,5uorg7vCYEm/yEHgysbMuVfBnJ8=,ohiZuproJw7oESGshkuUMCjkuxY=
-12,14,5uorg7vCYEm/yEHgysbMuVfBnJ8=,GmUsWyXEs0Ma5tpD6hnv9qaBlkE=
-12,15,5uorg7vCYEm/yEHgysbMuVfBnJ8=,pdGmjOvydvAAjHY6DVmedHHD8vE=
-12,8,5uorg7vCYEm/yEHgysbMuVfBnJ8=,65sve3YWz1yNzGPZ+IWfXW5tGIc=
-12,9,5F/UxVoZD5xeZy3sx01Wp+V5eCw=,B+Gz1As9tfbacR9/p09jzXtDr9k=
-12,10,5F/UxVoZD5xeZy3sx01Wp+V5eCw=,tHoptPFbkELdAoJHE3Z8KW8ILIg=
-12,11,5F/UxVoZD5xeZy3sx01Wp+V5eCw=,h8vCWqHp3nS9x0YmSYU0vT7XmLQ=
-11,17,5F/UxVoZD5xeZy3sx01Wp+V5eCw=,uU+6OFoSOqU30QbcbDa/KkEeNP4=
-11,16,5F/UxVoZD5xeZy3sx01Wp+V5eCw=,kZgm0RUeJu75RFo42/BSWv0RoNk=
-11,18,5F/UxVoZD5xeZy3sx01Wp+V5eCw=,MCqwRkJvqKvhWvMTcacs7JuDvlI=
-11,5,5F/UxVoZD5xeZy3sx01Wp+V5eCw=,oxfXKSjhHM817zxvtLhUm9IZYVA=
-11,4,5F/UxVoZD5xeZy3sx01Wp+V5eCw=,mFxa0Tl3Uu8L1IVgxx2YmGRdShc=
-11,7,5F/UxVoZD5xeZy3sx01Wp+V5eCw=,MiKY9ZhVGq8aXsaM6Y6gK8P2XwY=
-11,6,5F/UxVoZD5xeZy3sx01Wp+V5eCw=,vBgRHylUmfdSw7aU2klgB9U1lJk=
-11,1,5F/UxVoZD5xeZy3sx01Wp+V5eCw=,JCHuAjrHxd/xODETc20oau1B0OU=
-11,0,5F/UxVoZD5xeZy3sx01Wp+V5eCw=,55bDeTpz6KdRSC9gS8ieS7NFjeA=
-11,3,5F/UxVoZD5xeZy3sx01Wp+V5eCw=,mXe6inmwtpWHLpPcu27kvrSmKPE=
-11,2,5F/UxVoZD5xeZy3sx01Wp+V5eCw=,m6JWIIrG5dJGd5uifTOJ/qDstEM=
-11,13,4Ay6BhfIzQGk0HkOG01wj/FDG4Q=,wFETf6F9Dystp59NyKeKWyb9MWU=
-11,12,4Ay6BhfIzQGk0HkOG01wj/FDG4Q=,j2dqeyyRik1xSmCJU9qniB/eAmo=
-11,15,4Ay6BhfIzQGk0HkOG01wj/FDG4Q=,ZBQbaj97lZg6ZsgzaXW6AA2LDd4=
-11,14,4Ay6BhfIzQGk0HkOG01wj/FDG4Q=,TFtximF+gGeFeV8HN9UZVtXi0gA=
-11,9,4Ay6BhfIzQGk0HkOG01wj/FDG4Q=,qdoCxIUVxqQLWMSx+mzDGECrq9w=
-11,8,4Ay6BhfIzQGk0HkOG01wj/FDG4Q=,ceS9X2A+4nreDdWNKZ05iFPK2KQ=
-11,11,4Ay6BhfIzQGk0HkOG01wj/FDG4Q=,51TR0rUertpaTqmrMvai1hj9jHc=
-11,10,4Ay6BhfIzQGk0HkOG01wj/FDG4Q=,fVG3dRuYCgtlYCOFfQ4YZlFv8C8=
-10,18,4Ay6BhfIzQGk0HkOG01wj/FDG4Q=,KlJkgdlfs8Wny/S6v/i453FHWlk=
-10,16,4Ay6BhfIzQGk0HkOG01wj/FDG4Q=,rFkcMgm0tx6AJynsDaxxAhcKUXg=
-10,17,4Ay6BhfIzQGk0HkOG01wj/FDG4Q=,K6Qq4yi/FKMYPVzpnACSblM6CyQ=
-10,6,4Ay6BhfIzQGk0HkOG01wj/FDG4Q=,FC1ZIbHIkTuL4x2JUxJctnzbp7Q=
-10,7,4Ay6BhfIzQGk0HkOG01wj/FDG4Q=,EctaRAXs/0puQ4GF/M93qrKr2ZQ=
-10,4,ni8ZIFWdTIHI70cOeb728MFIjIE=,UH3Zf+kP6O/ETkv2mX7Y/pqVkBk=
-10,5,ni8ZIFWdTIHI70cOeb728MFIjIE=,opQU3s1NAhAe4TQAU4/rnfphgfY=
-10,2,ni8ZIFWdTIHI70cOeb728MFIjIE=,qDCUj3xzV8X0SLJo9qvWC0K3otI=
-10,3,ni8ZIFWdTIHI70cOeb728MFIjIE=,6ev80wusOnOnrVjNoVKwgdIa3e0=
-10,0,ni8ZIFWdTIHI70cOeb728MFIjIE=,pgmsMm6ARIOUUkLvyMHYDQk42Pg=
-10,1,ni8ZIFWdTIHI70cOeb728MFIjIE=,yvVwChJcF4Afl/wQhW8ZFehWhhE=
-10,14,ni8ZIFWdTIHI70cOeb728MFIjIE=,FKs94Tf12Z6jS8clG5bDCcQi+YI=
-10,15,ni8ZIFWdTIHI70cOeb728MFIjIE=,96tQR8BSW1SSh0r2I9VVvn/R4S0=
-10,12,ni8ZIFWdTIHI70cOeb728MFIjIE=,ETbu113CXpS7cTu+2CGasq3AAIo=
-10,13,ni8ZIFWdTIHI70cOeb728MFIjIE=,MFopjXkHNeAMnwo3e6r22icO4FY=
-10,10,ni8ZIFWdTIHI70cOeb728MFIjIE=,wYtXA8RjlOpLifjpZjiHaWYNdFg=
-10,11,ni8ZIFWdTIHI70cOeb728MFIjIE=,GN2zbpvf1nqMHtj2kUPq5yCPOEI=
-10,8,ni8ZIFWdTIHI70cOeb728MFIjIE=,9kCNcmj/f78/lrdCs7zzS7glcXQ=
-10,9,ni8ZIFWdTIHI70cOeb728MFIjIE=,tXGBA1O3V2ypIs59rXQ2UyfmkQc=
-9,18,ni8ZIFWdTIHI70cOeb728MFIjIE=,eVQZv/hHh10D9xui4AuJ23VucF4=
-9,17,ni8ZIFWdTIHI70cOeb728MFIjIE=,OnocJBUbD2KskS6EBuOsMH88vDE=
-9,16,fXIe4t8SYRjsLaTvJ6IrZQT0MEM=,BSrxtZmvKEXl4XHpn/BDJZHu0Io=
-9,7,fXIe4t8SYRjsLaTvJ6IrZQT0MEM=,xUA6hu2j/D9FyheMrIVaBxdrrMg=
-9,6,fXIe4t8SYRjsLaTvJ6IrZQT0MEM=,opQU3s1NAhAe4TQAU4/rnfphgfY=
-9,5,fXIe4t8SYRjsLaTvJ6IrZQT0MEM=,OuNBhJ18OYI8bNzX1yCsaKtEdmQ=
-9,4,fXIe4t8SYRjsLaTvJ6IrZQT0MEM=,jJTlO5ysV5msA9jojMS4A9mHzXo=
-9,3,fXIe4t8SYRjsLaTvJ6IrZQT0MEM=,MvC4iyMwuonj/0I+hpFdnD/A2CI=
-9,2,fXIe4t8SYRjsLaTvJ6IrZQT0MEM=,AC6BWOGTE04e7lpQyqQoKB6p6Jo=
-9,1,fXIe4t8SYRjsLaTvJ6IrZQT0MEM=,ZYdgLTc3Tk3aKsp0k33HvhHLFl0=
-9,0,fXIe4t8SYRjsLaTvJ6IrZQT0MEM=,ELuKsvORHDRECOGK1y0pJtA38CQ=
-9,15,fXIe4t8SYRjsLaTvJ6IrZQT0MEM=,NRQ0OZ8q6PuvQ1j9q9o93SdBjLo=
-9,14,fXIe4t8SYRjsLaTvJ6IrZQT0MEM=,WLb4wrcZEF1Ulk50smiAd6bNGTw=
-9,13,wtJUwdQsSZMNostuVUZ4qARhDUc=,UZdxz0bZ+8EhDpj11eG4n5BEL58=
-9,12,wtJUwdQsSZMNostuVUZ4qARhDUc=,04NnwY593Nu8bwx802rfN+/Cb4E=
-9,11,wtJUwdQsSZMNostuVUZ4qARhDUc=,xyy4QZq1XEaiTcS/738HPX4VaBA=
-9,10,wtJUwdQsSZMNostuVUZ4qARhDUc=,9IRCGAeUkgoO7QJgMw772mcO3wI=
-9,9,wtJUwdQsSZMNostuVUZ4qARhDUc=,2EFmKU73UfN7BR4TffnX88vi1Xg=
-9,8,wtJUwdQsSZMNostuVUZ4qARhDUc=,cKwIK6lJP6hHOSPbzMqr7oSCgJw=
-8,16,wtJUwdQsSZMNostuVUZ4qARhDUc=,6LnumizvZgdjU1JqSY6QRNBiD54=
-8,17,wtJUwdQsSZMNostuVUZ4qARhDUc=,6LnumizvZgdjU1JqSY6QRNBiD54=
-8,18,wtJUwdQsSZMNostuVUZ4qARhDUc=,09C0LaUPTrTTUqmLJp4qZYwKa+0=
-8,8,wtJUwdQsSZMNostuVUZ4qARhDUc=,PhIsNW8kAgoS1kefz5N3eajPJw8=
-8,9,wtJUwdQsSZMNostuVUZ4qARhDUc=,VJE6MwEou+TUbxYldvrKgm5kmh0=
-8,10,wtJUwdQsSZMNostuVUZ4qARhDUc=,sxGFH2whiWujpf8BfJ1rus3FxWg=
-8,11,wtJUwdQsSZMNostuVUZ4qARhDUc=,DhWjzsDNbijE18hyXtnNTCxgDiE=
-8,12,wtJUwdQsSZMNostuVUZ4qARhDUc=,7IzHYRFuZDK2v5/LVDmcIpQbkQg=
-8,13,wtJUwdQsSZMNostuVUZ4qARhDUc=,/mWDBJSsnlAJn/MFEpug7wCHjjo=
-8,14,wtJUwdQsSZMNostuVUZ4qARhDUc=,ia/SO51ClP7Zv3BHu7i1cp6r3LU=
-8,15,6JfYwAfyIedRB0zLyq8Tv2to55s=,PY+RBL/sHof/d5Rf03gjtlSf7Jc=
-8,0,6JfYwAfyIedRB0zLyq8Tv2to55s=,nuBoS03dLundNwHmQQCXYaK98Ic=
-8,1,6JfYwAfyIedRB0zLyq8Tv2to55s=,CuaBu+dQ+khh9eoTihDUPbQutnY=
-8,2,6JfYwAfyIedRB0zLyq8Tv2to55s=,QGhrKAPtRRl1UVIfljYArm7AapQ=
-8,3,6JfYwAfyIedRB0zLyq8Tv2to55s=,dc6bxrm8ZZB1IY3Pb7uBjn9Jy/I=
-8,4,6JfYwAfyIedRB0zLyq8Tv2to55s=,pQfgybVrW484ROwEc0GYVP6sxiY=
-8,5,6JfYwAfyIedRB0zLyq8Tv2to55s=,hpmW4yvb9tigAAGOD5sK+KDw8ss=
-8,6,6JfYwAfyIedRB0zLyq8Tv2to55s=,c5dbBEI2PLILmbw2wrNhL+NY/Vk=
-8,7,6JfYwAfyIedRB0zLyq8Tv2to55s=,wAXZXELW2+yHQx9sj4kHHD+yt6A=
-7,17,6JfYwAfyIedRB0zLyq8Tv2to55s=,+9gLutOB1lnlJTxjSu2wRutR/Tg=
-7,16,6JfYwAfyIedRB0zLyq8Tv2to55s=,LncZGvScweRxZdAGWwa1rocCLbI=
-7,18,6JfYwAfyIedRB0zLyq8Tv2to55s=,WD/5lAZ2WQKAFbEUWEDZ4aEC+dk=
-7,9,6JfYwAfyIedRB0zLyq8Tv2to55s=,oDN8jXNFVWs6fxLPx4K+vx3q7EA=
-7,8,6JfYwAfyIedRB0zLyq8Tv2to55s=,Bk7LHREb1AYIFYaEtAo5EswtMtY=
-7,11,kAnaRnFrClppaBdkDM0qFTviZyQ=,i8IQiZBvk23Qw9wHZxbUkwb28j8=
-7,10,kAnaRnFrClppaBdkDM0qFTviZyQ=,YK5N5CW/EnWf+ey5PorWhvj+uMM=
-7,13,kAnaRnFrClppaBdkDM0qFTviZyQ=,azJBshaoJYcm4E+5hcfbcx0QTXA=
-7,12,kAnaRnFrClppaBdkDM0qFTviZyQ=,JMjR7cn4ZE/HEXVZRY8mPl47Ukg=
-7,15,kAnaRnFrClppaBdkDM0qFTviZyQ=,tM9ciz278XcZnIh90Aw6lxl62bU=
-7,14,kAnaRnFrClppaBdkDM0qFTviZyQ=,IBVB6F4MTmWYtOwHbZ3cDrfhfyQ=
-7,1,kAnaRnFrClppaBdkDM0qFTviZyQ=,ki3VzJmqRF9K44PUup3ogXO2Koc=
-7,0,kAnaRnFrClppaBdkDM0qFTviZyQ=,n7Ns98t4VUiA/McFeicRZiUKdL8=
-7,3,kAnaRnFrClppaBdkDM0qFTviZyQ=,LGzUNO+Xjky+Jny3bQIAayf94Vg=
-7,2,kAnaRnFrClppaBdkDM0qFTviZyQ=,ki3VzJmqRF9K44PUup3ogXO2Koc=
-7,5,kAnaRnFrClppaBdkDM0qFTviZyQ=,xdJ1PfL9+liJVs9gxQXXWfEfq8I=
-7,4,kAnaRnFrClppaBdkDM0qFTviZyQ=,uQk6gzUfLN6Pdy7HX2wrWCt3kiQ=
-7,7,kAnaRnFrClppaBdkDM0qFTviZyQ=,0hGdo3OUSHQ1V/13GgSPhMsN/WU=
-7,6,kAnaRnFrClppaBdkDM0qFTviZyQ=,kMdx4ChnMEexS+AkdZ/RCNgJIzQ=
-6,18,5FjtB+5nM0M/8Gh4q/W5+x5FbsI=,mY6+P8B3/RfzvxQxXI0GWLuHMXg=
-6,16,5FjtB+5nM0M/8Gh4q/W5+x5FbsI=,45NH/4uWhadtgpFD+uqxOHz9lhE=
-6,17,5FjtB+5nM0M/8Gh4q/W5+x5FbsI=,B/iW1IbAxfQXM5Dh/RYmZTT9pIs=
-6,10,5FjtB+5nM0M/8Gh4q/W5+x5FbsI=,e4+pC8pUZzRsyGqlyu+1hOfPt88=
-6,11,5FjtB+5nM0M/8Gh4q/W5+x5FbsI=,t44XQ3xCFhgpkhFEojybgz/gf10=
-6,8,5FjtB+5nM0M/8Gh4q/W5+x5FbsI=,qngR1UbE2AZh68jcWw8ipOX/DVw=
-6,9,5FjtB+5nM0M/8Gh4q/W5+x5FbsI=,bKOlbTOv/g7OXVLtjkay0JVq3AM=
-6,14,5FjtB+5nM0M/8Gh4q/W5+x5FbsI=,12nFlpKxNye5TQAcEAe8Gxz+uKc=
-6,15,5FjtB+5nM0M/8Gh4q/W5+x5FbsI=,0qpu0DFa9qdHdzNlnYkw4ymm27A=
-6,12,5FjtB+5nM0M/8Gh4q/W5+x5FbsI=,e6CD4j7DQKjoWAeFUvy77Qbfeyw=
-6,13,5FjtB+5nM0M/8Gh4q/W5+x5FbsI=,2zIXCkQGUFiXobzAfn0PySiWoVU=
-6,2,5FjtB+5nM0M/8Gh4q/W5+x5FbsI=,6otB0LEfvZiO66kd7rOyYqfMbB0=
-6,3,5FjtB+5nM0M/8Gh4q/W5+x5FbsI=,uN116d7khmhcj+Z7eDA39YdUyYs=
-6,0,5FjtB+5nM0M/8Gh4q/W5+x5FbsI=,iMnNOvbMLgVzBIIPZ3m50VLPZKQ=
-6,1,7SyiucWM5uPsiSoImq5Qtzn7qFg=,5KIMo9F9+4elE5FVMPkmeaSgKaw=
-6,6,7SyiucWM5uPsiSoImq5Qtzn7qFg=,tn2+aK3VThaTW00mQaJBfGLmPAE=
-6,7,7SyiucWM5uPsiSoImq5Qtzn7qFg=,zn23fSQXyjhQcjqYRJu73rEyrhw=
-6,4,7SyiucWM5uPsiSoImq5Qtzn7qFg=,NDr+qPvpbpSLJCd+pxAl5gSE/LY=
-6,5,7SyiucWM5uPsiSoImq5Qtzn7qFg=,93uBnqtHSSkdy1/eUx92FeZ+LRo=
-5,18,7SyiucWM5uPsiSoImq5Qtzn7qFg=,6LnumizvZgdjU1JqSY6QRNBiD54=
-5,17,7SyiucWM5uPsiSoImq5Qtzn7qFg=,hh7LPjfo/3aHeeqReUh1ymcTfQ0=
-5,16,7SyiucWM5uPsiSoImq5Qtzn7qFg=,b3sr31RFF2TCulCr7GCnEvod9ZE=
-5,11,7SyiucWM5uPsiSoImq5Qtzn7qFg=,+39vka4IZNdUZ2Vl6FKSrqdiNXs=
-5,10,7SyiucWM5uPsiSoImq5Qtzn7qFg=,50+FD4jdm3Lwt1dTTWZPyxdqyAY=
-5,9,7SyiucWM5uPsiSoImq5Qtzn7qFg=,1YHcQES776RJvV8J6ueCeAAc9M8=
-5,8,7SyiucWM5uPsiSoImq5Qtzn7qFg=,QVUitttixZaXGrkJt0LKL85IAqk=
-5,15,VUKuGiP6rQGj5znxQH4GgQHIj34=,qnxe7hdAl5+spDmfDkf1zbIIvYE=
-5,14,VUKuGiP6rQGj5znxQH4GgQHIj34=,aRDL+sVTMNX3FoVqMvzV0nXY4iA=
-5,13,VUKuGiP6rQGj5znxQH4GgQHIj34=,zQXVZzOXyUzbCj3wSjGlBzI8JV8=
-5,12,VUKuGiP6rQGj5znxQH4GgQHIj34=,ACdMGJCoMdLfrR3RNLaIwRxssYA=
-5,3,VUKuGiP6rQGj5znxQH4GgQHIj34=,x6m+3seBIC0M0+6DxAIVXb+7mNM=
-5,2,VUKuGiP6rQGj5znxQH4GgQHIj34=,EdEk+z0pCRuGsnBK5sBX81pGeLk=
-5,1,VUKuGiP6rQGj5znxQH4GgQHIj34=,X02wQR0sWUdKVTFaH6/YfaQJ1j4=
-5,0,VUKuGiP6rQGj5znxQH4GgQHIj34=,4wOPCP6NG3oKIilXgh2f5hi7Jfs=
-5,7,VUKuGiP6rQGj5znxQH4GgQHIj34=,zn23fSQXyjhQcjqYRJu73rEyrhw=
-5,6,VUKuGiP6rQGj5znxQH4GgQHIj34=,I0IC4fVTV9Xt8+amDJeqqzvEHIo=
-5,5,VUKuGiP6rQGj5znxQH4GgQHIj34=,kR1INhRFWpggN9qY39CqlBych38=
-5,4,VUKuGiP6rQGj5znxQH4GgQHIj34=,+qqxMa3vhBDNGBQsZHx8/wNPsRU=
-4,16,VUKuGiP6rQGj5znxQH4GgQHIj34=,m0+ULUPD8RBfOER5B+ZUWW4c8VY=
-4,17,VUKuGiP6rQGj5znxQH4GgQHIj34=,+uhru0uCDKV6GKmGn/Hp5KFgENc=
-4,18,VUKuGiP6rQGj5znxQH4GgQHIj34=,AQZg1u3PqPQbOVELLW1ctkubQx8=
-4,12,VUKuGiP6rQGj5znxQH4GgQHIj34=,mB/NB13HbM0AkCNTKg2cPlcTTa8=
-4,13,BiTlhWECP4/R/YeVLryO7CHZKyM=,JlQF6/uHFDoTDzQ/SwBW5LBsHoU=
-4,14,BiTlhWECP4/R/YeVLryO7CHZKyM=,lhATMeaRVdpU8jkf1kmrpE2HzvQ=
-4,15,BiTlhWECP4/R/YeVLryO7CHZKyM=,qnxe7hdAl5+spDmfDkf1zbIIvYE=
-4,8,BiTlhWECP4/R/YeVLryO7CHZKyM=,AQz7chsEEf4Q7D11682zSI8y/us=
-4,9,BiTlhWECP4/R/YeVLryO7CHZKyM=,u7bnETdlB1cfV81s6iSL3p9vO9k=
-4,10,BiTlhWECP4/R/YeVLryO7CHZKyM=,9F2djp8q2m7VIju8Tk0tWkT6cdw=
-4,11,BiTlhWECP4/R/YeVLryO7CHZKyM=,t44XQ3xCFhgpkhFEojybgz/gf10=
-4,4,BiTlhWECP4/R/YeVLryO7CHZKyM=,GSjh4ANI8iM6XjV6Vw4bVKCzZWw=
-4,5,BiTlhWECP4/R/YeVLryO7CHZKyM=,aVJ0RudNj2DmpXredEE/gG26GBo=
-4,6,BiTlhWECP4/R/YeVLryO7CHZKyM=,fI+GBYHxwOr46XHtiD0dRcjAIls=
-4,7,BiTlhWECP4/R/YeVLryO7CHZKyM=,ydJ8xuorFp+BB7wfXw66a1+BJMg=
-4,0,BiTlhWECP4/R/YeVLryO7CHZKyM=,bn/uQejKyQfI70cqtLrNSb9cEsQ=
-4,1,BiTlhWECP4/R/YeVLryO7CHZKyM=,vBvceZ6lD9pb40Ng5As6kkwjHOo=
-4,2,BiTlhWECP4/R/YeVLryO7CHZKyM=,p4ovWpbIID9Q53ZsFPZsxnSPiOE=
-4,3,BiTlhWECP4/R/YeVLryO7CHZKyM=,bwhSiGH0I5KHjvDdMgnjUSP1L/Q=
-3,17,BiTlhWECP4/R/YeVLryO7CHZKyM=,J19rpz5I2iBVUFoNiuPeQBpKb9g=
-3,16,jTlYqmOainQ6ZKLVe50EnJKrIZI=,dMuwP/iMYV8FRny6DQawvEwZaYw=
-3,18,jTlYqmOainQ6ZKLVe50EnJKrIZI=,Lod11+vfD6uXagbPR9J1iMCHQfs=
-3,13,jTlYqmOainQ6ZKLVe50EnJKrIZI=,TOUrJtfNK0ibfP24uAVZjMYJpm8=
-3,12,jTlYqmOainQ6ZKLVe50EnJKrIZI=,qaUeH93lwSYx44S3xtK8f4keTns=
-3,15,jTlYqmOainQ6ZKLVe50EnJKrIZI=,x9I6q/tnjZopPSZHrAZq72hyTq0=
-3,14,jTlYqmOainQ6ZKLVe50EnJKrIZI=,6ySAfm7bUnGIfAF+jWj3L/WAk2I=
-3,9,jTlYqmOainQ6ZKLVe50EnJKrIZI=,1ircpoDrSyiUz9ozzYTL5hGPHGg=
-3,8,jTlYqmOainQ6ZKLVe50EnJKrIZI=,L/ya+3pQ6y8JOG3vnP0bNO+F+r8=
-3,11,jTlYqmOainQ6ZKLVe50EnJKrIZI=,t44XQ3xCFhgpkhFEojybgz/gf10=
-3,10,jTlYqmOainQ6ZKLVe50EnJKrIZI=,hwpUrhnLhEkGWDlk/dC/gActCwY=
-3,5,jTlYqmOainQ6ZKLVe50EnJKrIZI=,O64YJviSfT8unxsEJYe5tunxVYk=
-3,4,jTlYqmOainQ6ZKLVe50EnJKrIZI=,r/vQdcsaNISC+cWH1WDyswoxhGg=
-3,7,jTlYqmOainQ6ZKLVe50EnJKrIZI=,QtEyEQI0pv+W5rk6azRpBaqJwhY=
-3,6,jTlYqmOainQ6ZKLVe50EnJKrIZI=,POFSseneXq3WWWWIVXpygVAOMRY=
-3,1,zOf4ld4QjrGhRs88t7OCmNxycsk=,oxR6MaLdMrhzUWf5/ktOOwrK5Uo=
-3,0,zOf4ld4QjrGhRs88t7OCmNxycsk=,bn/uQejKyQfI70cqtLrNSb9cEsQ=
-3,3,zOf4ld4QjrGhRs88t7OCmNxycsk=,Pk+/RNd0gcCqdk7120HP1v2Nrmk=
-3,2,zOf4ld4QjrGhRs88t7OCmNxycsk=,JU428HZYBt7OttSCZtJZe4CB7y0=
-2,18,zOf4ld4QjrGhRs88t7OCmNxycsk=,djE/FBGUnQgB8eUlw1yGDbEmEDc=
-2,16,zOf4ld4QjrGhRs88t7OCmNxycsk=,Z29ibKVLpCruV59OHAZZK0cs8Ns=
-2,17,zOf4ld4QjrGhRs88t7OCmNxycsk=,aBc/NDDXoYhy4PBfusW+PnnYorc=
-2,14,zOf4ld4QjrGhRs88t7OCmNxycsk=,12OTiDgJyJZA2BMVmAFR6ZxBZqM=
-2,15,zOf4ld4QjrGhRs88t7OCmNxycsk=,gatvmqeaSCiJ/PojTOmOG0TOXYY=
-2,12,zOf4ld4QjrGhRs88t7OCmNxycsk=,o1EmUdMZT3tTT/Wc5ztiBVd+lXo=
-2,13,zOf4ld4QjrGhRs88t7OCmNxycsk=,9VoFmAUMc2joXp03u5PeQuHxvRk=
-2,10,zOf4ld4QjrGhRs88t7OCmNxycsk=,HzEHo3YBJ4jj6SWPez0ZUmD1B3A=
-2,11,zOf4ld4QjrGhRs88t7OCmNxycsk=,FDiUGeUDHLhHSVkq/vtbCFX0cX4=
-2,8,zOf4ld4QjrGhRs88t7OCmNxycsk=,51DnxONq12k3TJ7NzL4avOcPZ9w=
-2,9,zOf4ld4QjrGhRs88t7OCmNxycsk=,VySzdWOrg7W2TcnE0b03Dsdnnw8=
-2,6,zOf4ld4QjrGhRs88t7OCmNxycsk=,+LkTDL9Sm/m03xRuWawiHwFQDJ8=
-2,7,vvggpTzx7YtPWx6y0Rokvg5WKHA=,ALT8/Xxp22ZGYqeIF0CsAECWW0o=
-2,4,vvggpTzx7YtPWx6y0Rokvg5WKHA=,JIL/b90kpBY3jNTv/pTdie/M5JY=
-2,5,vvggpTzx7YtPWx6y0Rokvg5WKHA=,HyAmh6UZq1q409D44nC0eBFOwS4=
-2,2,vvggpTzx7YtPWx6y0Rokvg5WKHA=,8h3WLIzMWWwx1MJm6TxYt2Vafk4=
-2,3,vvggpTzx7YtPWx6y0Rokvg5WKHA=,u+VIr325y519E/V9xknm/0085ZA=
-2,0,vvggpTzx7YtPWx6y0Rokvg5WKHA=,/Autlg64w+69DexuqNuj7nbHdFI=
-2,1,vvggpTzx7YtPWx6y0Rokvg5WKHA=,8arv0m3rrlSoaAj5Hm/GJI7hE6o=
-1,18,vvggpTzx7YtPWx6y0Rokvg5WKHA=,LTLNWk4jRYFH008ySi7PgUaVDEk=
-1,17,vvggpTzx7YtPWx6y0Rokvg5WKHA=,Oi412TTOlE+4NNCa3jW6v9xbzOY=
-1,16,vvggpTzx7YtPWx6y0Rokvg5WKHA=,Oi412TTOlE+4NNCa3jW6v9xbzOY=
-1,15,vvggpTzx7YtPWx6y0Rokvg5WKHA=,lhyzIYdZRQ9IhV2ZZb85XEO8ARA=
-1,14,vvggpTzx7YtPWx6y0Rokvg5WKHA=,x+ad+9A0rB840ZERNLRgm3FDN4Y=
-1,13,vvggpTzx7YtPWx6y0Rokvg5WKHA=,aw2QqWRvOJQzRGCaksbIzGbyjFA=
-1,12,vvggpTzx7YtPWx6y0Rokvg5WKHA=,BNt4VfdwftukzMz0/TdxLAltmDw=
-1,11,nlIW1y0fNp2yYW5b8XzSWz62Wfs=,Hddc1lIrTpIAmiCpcGOvHzFm404=
-1,10,nlIW1y0fNp2yYW5b8XzSWz62Wfs=,9iMIrAd7eLIG0RSXRahw/JGO/WI=
-1,9,nlIW1y0fNp2yYW5b8XzSWz62Wfs=,Immk121xZtxTuz+fFxhqIFgZMHY=
-1,8,nlIW1y0fNp2yYW5b8XzSWz62Wfs=,KY8bn7eqP8OQbadWsJW0DpiS7N0=
-1,7,nlIW1y0fNp2yYW5b8XzSWz62Wfs=,BPDjApJGAPozhODlVCz+geVu3Ik=
-1,6,nlIW1y0fNp2yYW5b8XzSWz62Wfs=,Bdk5K/lY5pzC6trpy5JPq5fcmx8=
-1,5,nlIW1y0fNp2yYW5b8XzSWz62Wfs=,mKpLpNtYVcavHa3LUvZqSucUFKg=
-1,4,nlIW1y0fNp2yYW5b8XzSWz62Wfs=,yCbD4QMDaGyTexrqkWLRy9A85ns=
-1,3,nlIW1y0fNp2yYW5b8XzSWz62Wfs=,UnhVBfYNB5aUg1RlzsIuVAWZtVU=
-1,2,nlIW1y0fNp2yYW5b8XzSWz62Wfs=,iAEtQ/f/HGIiuEDbylOwx6Byl1U=
-1,1,nlIW1y0fNp2yYW5b8XzSWz62Wfs=,xuF7Dtu80M+/4sollh3vRZaFXu8=
-1,0,nlIW1y0fNp2yYW5b8XzSWz62Wfs=,3PyHaGk5ANlTHvLP7l0nu2f54X8=
