19,-5,ozpjal495hfowlg3uI8mSBReCSE=,Kj42VfD2FLC669VD4MW52bcCPNw=
19,-1,ozpjal495hfowlg3uI8mSBReCSE=,XLvZHCfqSQcFwHAb46VSjkhgV8E=
19,-2,ozpjal495hfowlg3uI8mSBReCSE=,ArWeFU/6GMNoPGdRdy1PfclJB6c=
19,-3,ozpjal495hfowlg3uI8mSBReCSE=,4mV+AUo70mdtaDq5Bbfu4CxThrc=
19,-4,ozpjal495hfowlg3uI8mSBReCSE=,likAFVsuePLxXRxdRxoaJVvMnTA=
18,-14,ozpjal495hfowlg3uI8mSBReCSE=,6g5iKaLwGmvGHZTjlmNDCyoHVkM=
18,-13,ozpjal495hfowlg3uI8mSBReCSE=,gWWkJti+w9j5bMh71va3UHEqafA=
18,-16,ozpjal495hfowlg3uI8mSBReCSE=,ChKHWCzPVkA7CaWcDHGH7zN7Z8c=
18,-15,ozpjal495hfowlg3uI8mSBReCSE=,YjuahhE9aNvTfOzYhiDEDBId5Fc=
18,-10,4SD0xyjivuMidh5S0EDUOUGSC2Y=,WiFSfQ5KqRi6A6Bptrs+Tit6/JU=
18,-9,4SD0xyjivuMidh5S0EDUOUGSC2Y=,PZXClYck4sjl19Y2TAb/VcbffmA=
18,-12,4SD0xyjivuMidh5S0EDUOUGSC2Y=,7fwu77OOZMmKYCRxhawrTMKh7n0=
18,-11,4SD0xyjivuMidh5S0EDUOUGSC2Y=,WiFSfQ5KqRi6A6Bptrs+Tit6/JU=
18,-6,4SD0xyjivuMidh5S0EDUOUGSC2Y=,67SFtzCudm0iz/rKU/ArsBXTY98=
18,-5,4SD0xyjivuMidh5S0EDUOUGSC2Y=,k/tTRZ6gRVm9eB84u0CB1ehVr2M=
18,-8,4SD0xyjivuMidh5S0EDUOUGSC2Y=,5l8kEyDhj+GjMm7G+8c8Kvg0rLY=
18,-7,4SD0xyjivuMidh5S0EDUOUGSC2Y=,ZQhPdWfQw2mZl83eiZx9DPDxj5I=
18,-2,4SD0xyjivuMidh5S0EDUOUGSC2Y=,xXhAUiYzaV329dL+ZAwY8KGzkgI=
18,-1,4SD0xyjivuMidh5S0EDUOUGSC2Y=,+38BzAQCXYkI9Te9Eyn5rbpLnoc=
18,-4,4SD0xyjivuMidh5S0EDUOUGSC2Y=,Fu1r20/ABWpoCDnnoU4ziy3w9Z4=
18,-3,4SD0xyjivuMidh5S0EDUOUGSC2Y=,Xn9pi9kJLmDy0I7bnsQIEZZxXJE=
18,-18,4SD0xyjivuMidh5S0EDUOUGSC2Y=,U9f7YD7IzTa2qVRUrERC0EHlIrQ=
18,-17,4SD0xyjivuMidh5S0EDUOUGSC2Y=,I3xpY7CgcmgoE8FD6ce5bUzw1ls=
17,-15,4SD0xyjivuMidh5S0EDUOUGSC2Y=,zkrxGAvuXKmtdRVT0EXjoDeKTYk=
17,-16,yI9ItV1aeofQwjx5SoaYv20Xsqk=,5obTV/tewXjy2otDPgJW8+Nl/Fw=
17,-13,yI9ItV1aeofQwjx5SoaYv20Xsqk=,lkwgGGkod+q8mye6KphYH6Dytek=
17,-14,yI9ItV1aeofQwjx5SoaYv20Xsqk=,ruCpWXHu0G9MJRAgV377zRMXVfc=
17,-11,yI9ItV1aeofQwjx5SoaYv20Xsqk=,Vc+YSUc8hS9dAerMfzvL97Ndqdw=
17,-12,yI9ItV1aeofQwjx5SoaYv20Xsqk=,pVo8pV9XdsZFVCh5XMaKBEazc6c=
17,-9,yI9ItV1aeofQwjx5SoaYv20Xsqk=,+XQHosepnopjqwkoBtVShVd4qJs=
17,-10,yI9ItV1aeofQwjx5SoaYv20Xsqk=,WAyUwa8NemOfePkyS9uSLRv1nso=
17,-7,yI9ItV1aeofQwjx5SoaYv20Xsqk=,CSG1JhJ3qnTEb8PqEUCXbbPCtgY=
17,-8,yI9ItV1aeofQwjx5SoaYv20Xsqk=,US0IRtYanhAq79vdMlziiAbpNO4=
17,-5,yI9ItV1aeofQwjx5SoaYv20Xsqk=,eYuWsnE2qn7LlxDmMbiwl4LwUKY=
17,-6,yI9ItV1aeofQwjx5SoaYv20Xsqk=,6QOWvShhxCpfTU/PPAPLSKfpzG8=
17,-3,yI9ItV1aeofQwjx5SoaYv20Xsqk=,ifVKh2/57LgSZCdz1PHt2lNX08o=
17,-4,yI9ItV1aeofQwjx5SoaYv20Xsqk=,rh12i3mIjJp++q5CtFBjz2YDyD4=
17,-1,yI9ItV1aeofQwjx5SoaYv20Xsqk=,dujMiImdiRvVWmvZu3lV6ALy61M=
17,-2,yI9ItV1aeofQwjx5SoaYv20Xsqk=,BFmoYmrpD0ZifUc0Jofw5RwMqEw=
17,-17,MTKniEt3Rb+RS4QITKQQ/Cpkl5Q=,6/uHkaFxs2zSLwt7nu/Z7xxUv9s=
17,-18,MTKniEt3Rb+RS4QITKQQ/Cpkl5Q=,NPRaG+ddpVXfcb/twPiijRJ18ds=
16,-16,MTKniEt3Rb+RS4QITKQQ/Cpkl5Q=,vlSizizdaKLtGEOhOVAbX6mww8w=
16,-15,MTKniEt3Rb+RS4QITKQQ/Cpkl5Q=,47ZjpPzIDBAUeKRbFDupcHorO94=
16,-14,MTKniEt3Rb+RS4QITKQQ/Cpkl5Q=,6hpwwig1hATWmbpjOeAY3izRZxg=
16,-13,MTKniEt3Rb+RS4QITKQQ/Cpkl5Q=,sy3NBFoBWjnoo9ZjmnNjqFm6734=
16,-12,MTKniEt3Rb+RS4QITKQQ/Cpkl5Q=,ovTSGEM+2q/YQyoHGO0k+1a/bv8=
16,-11,MTKniEt3Rb+RS4QITKQQ/Cpkl5Q=,j3KqxtBJ+K9NJYKdPM+voKXZks0=
16,-10,MTKniEt3Rb+RS4QITKQQ/Cpkl5Q=,/S7c7LEzCrOR32vx/n5PU9f6/Gw=
16,-9,MTKniEt3Rb+RS4QITKQQ/Cpkl5Q=,sRS5Ij4U9pNlxJERjTKlBP3yiy0=
16,-8,MTKniEt3Rb+RS4QITKQQ/Cpkl5Q=,jN7g57Gu/zf49NHrGwCCaqq0Djo=
16,-7,MTKniEt3Rb+RS4QITKQQ/Cpkl5Q=,avJRrJ5lXNrt6BjfQ2p4r7NWnOU=
16,-6,MTKniEt3Rb+RS4QITKQQ/Cpkl5Q=,Ui+oEFIF3Oj74nbf69Rp8U1ek6o=
16,-5,MTKniEt3Rb+RS4QITKQQ/Cpkl5Q=,F9gbelkFH0rcr+1l6zAkl9KXRBk=
16,-4,MTKniEt3Rb+RS4QITKQQ/Cpkl5Q=,ngEQcnb3DIFSmNy96b3WZYPrad0=
16,-3,MTKniEt3Rb+RS4QITKQQ/Cpkl5Q=,e67hVPFIkC4r97eIPs4JtfKxPOE=
16,-2,MTKniEt3Rb+RS4QITKQQ/Cpkl5Q=,dV1FALdFzsdiip2SCMO62QoEpiY=
16,-1,MTKniEt3Rb+RS4QITKQQ/Cpkl5Q=,usz2nmL0RBTCeyyTLUHwlU7oTaI=
16,-18,nih9MLZFdEOzGzZcB19AwGxUZkA=,8levgjFxqukTNf6UVHN4oCqGjHM=
16,-17,nih9MLZFdEOzGzZcB19AwGxUZkA=,xyyAOQWs5Z1MpEpBejiHWdwn7ck=
15,-17,nih9MLZFdEOzGzZcB19AwGxUZkA=,57MNVTLIDgpO1nGW2bZycnCpYmo=
15,-18,nih9MLZFdEOzGzZcB19AwGxUZkA=,x4IJ9Is69AYM9Zdh+FLPY7ip0YQ=
15,-1,nih9MLZFdEOzGzZcB19AwGxUZkA=,FW41J8Dw1F2DVoxcd1zfft2tWYk=
15,-2,nih9MLZFdEOzGzZcB19AwGxUZkA=,IFWKfQLb/AIFjWM+wlze7c2MbsU=
15,-3,nih9MLZFdEOzGzZcB19AwGxUZkA=,y5ec3ytrqF2qGBl5yAV5fZ7LxPM=
15,-4,nih9MLZFdEOzGzZcB19AwGxUZkA=,bMyXKc8YfRh5168pNRJ5QD8GK7M=
15,-5,nih9MLZFdEOzGzZcB19AwGxUZkA=,A/ISxbaRWOfLJPcoi+hoLIEL3pY=
15,-6,K55OgaRxWAeHUsxQu94tO87AX30=,A/ISxbaRWOfLJPcoi+hoLIEL3pY=
15,-7,K55OgaRxWAeHUsxQu94tO87AX30=,WDl9dNFMkyKOWjuVKLsPGP5hh14=
15,-8,K55OgaRxWAeHUsxQu94tO87AX30=,RpWgt/cb1gmsh0o79JOCt6b+sCw=
15,-9,K55OgaRxWAeHUsxQu94tO87AX30=,WWI+LB7mdOenjc+IluX7BfmoIho=
15,-10,K55OgaRxWAeHUsxQu94tO87AX30=,i2BNLK4MLKUGM0nhqqLGuc/4Ud4=
15,-11,K55OgaRxWAeHUsxQu94tO87AX30=,OfZ4K4dYC8OZWCZ0cvLRK+J7b+4=
15,-12,K55OgaRxWAeHUsxQu94tO87AX30=,OfZ4K4dYC8OZWCZ0cvLRK+J7b+4=
15,-13,K55OgaRxWAeHUsxQu94tO87AX30=,3hWSXOLCszYjpe7Kc5+YuvCqOo4=
15,-14,K55OgaRxWAeHUsxQu94tO87AX30=,mMV/as/lQ6cgaoMS1BULtpWity0=
15,-15,K55OgaRxWAeHUsxQu94tO87AX30=,2tdyEAGQKiMAw+3bbkNz2F6BJFg=
15,-16,K55OgaRxWAeHUsxQu94tO87AX30=,ElkBXjfNKImPLQ923t5peww1Wpk=
14,-18,K55OgaRxWAeHUsxQu94tO87AX30=,M2dx6q0MhRn8d5Qf7PAADacfS40=
14,-17,K55OgaRxWAeHUsxQu94tO87AX30=,57MNVTLIDgpO1nGW2bZycnCpYmo=
14,-2,K55OgaRxWAeHUsxQu94tO87AX30=,725WM+6OooW15HXZfYW0SiYa2Xk=
14,-1,K55OgaRxWAeHUsxQu94tO87AX30=,gIH/H53/zlHEC7eChWcWCc++ot0=
14,-4,K55OgaRxWAeHUsxQu94tO87AX30=,sXJ1OXlXC2VCN2Jh/TiCkiayS7Y=
14,-3,oWUn1kd1OCzhg4B5xsoJs3VgtCk=,guYN45NLG/deHJzbCi3FJ6x4kxs=
14,-6,oWUn1kd1OCzhg4B5xsoJs3VgtCk=,Skp7dL1Mwb1UQkW4meBre5JpNBg=
14,-5,oWUn1kd1OCzhg4B5xsoJs3VgtCk=,gg5SBu2xX5r/Qz+0me3clfn5YMo=
14,-8,oWUn1kd1OCzhg4B5xsoJs3VgtCk=,xEixFY2Nw9JoBTLVbTRJu7r/bnU=
14,-7,oWUn1kd1OCzhg4B5xsoJs3VgtCk=,Bl2V8QQ9W9pEOktPUL6jwvKDd98=
14,-10,oWUn1kd1OCzhg4B5xsoJs3VgtCk=,RVYhTO+sbXnZbVLs3xx4gB2goR0=
14,-9,oWUn1kd1OCzhg4B5xsoJs3VgtCk=,iP1dHEP6dyrYhiUJwyZe2Nls0Rc=
14,-12,oWUn1kd1OCzhg4B5xsoJs3VgtCk=,dxL5RWsb5vL/phyiDnsnL/yCAsQ=
14,-11,oWUn1kd1OCzhg4B5xsoJs3VgtCk=,4EfLdQgaA2IuE37RSLcKPGl2oD0=
14,-14,oWUn1kd1OCzhg4B5xsoJs3VgtCk=,ZdXQvkeiyHvdlc2RroBRX+Zx0U8=
14,-13,oWUn1kd1OCzhg4B5xsoJs3VgtCk=,L4j8tehCIxHWKQ0EHB1QSC0P+eA=
14,-16,oWUn1kd1OCzhg4B5xsoJs3VgtCk=,jgdDfafZ8G0Vet0vuuYFZlZXEig=
14,-15,oWUn1kd1OCzhg4B5xsoJs3VgtCk=,Rf6Fn+BhtKnoD4bbfdlupZE2hQQ=
13,-17,oWUn1kd1OCzhg4B5xsoJs3VgtCk=,wuMZ0K6C80wMgpsIwHSJhs+dFj8=
13,-18,oWUn1kd1OCzhg4B5xsoJs3VgtCk=,NIxnXqzPfYgzm3N207bw6o1AOr8=
13,-3,oWUn1kd1OCzhg4B5xsoJs3VgtCk=,zgJV0oavKbLCH5bkvlHiizi9Mpo=
13,-4,lL3/U16OVMmEYVUnG77KcYavXx4=,EFEXJeD/6TlqF4PanYgfG6rwP3I=
13,-1,lL3/U16OVMmEYVUnG77KcYavXx4=,zIrLG9giKIdzrKcBOXBDe7uvPJ4=
13,-2,lL3/U16OVMmEYVUnG77KcYavXx4=,9avd+UhDfz6vyUQzfdME13h/uTg=
13,-7,lL3/U16OVMmEYVUnG77KcYavXx4=,4/G4urpBnU10VnpBfsddDUyLkA4=
13,-8,lL3/U16OVMmEYVUnG77KcYavXx4=,LHun9K7GyxE+g20kY4C4OgCdLmw=
13,-5,lL3/U16OVMmEYVUnG77KcYavXx4=,7qCmdtou9zU8IQL4Ppuh/8r/GbM=
13,-6,lL3/U16OVMmEYVUnG77KcYavXx4=,6rREKRRS5G/yhtYmYLn3YYLscyg=
13,-11,lL3/U16OVMmEYVUnG77KcYavXx4=,ov5eh9qOfQTGtVSIeLFw3bMXqNk=
13,-12,lL3/U16OVMmEYVUnG77KcYavXx4=,T9yFizDaiePshQB6VyuP/iA+rkA=
13,-9,lL3/U16OVMmEYVUnG77KcYavXx4=,GP0Oz5kL2lN+bLGuecq0maO4tVU=
13,-10,lL3/U16OVMmEYVUnG77KcYavXx4=,Dhx7raAQ5bSh2z+UC9nXiSM4+kY=
13,-15,lL3/U16OVMmEYVUnG77KcYavXx4=,0fh6QBY0w7ElfdgtqHrRuVfq7KE=
13,-16,lL3/U16OVMmEYVUnG77KcYavXx4=,DGtsogNHC1Bdb1+I4ERIU9ssEes=
13,-13,lL3/U16OVMmEYVUnG77KcYavXx4=,lfBcue5YuutOlzOlgtyi0Q8HtLI=
13,-14,lL3/U16OVMmEYVUnG77KcYavXx4=,IKUvt1LpQ/vIJU+mteUkybMwYrg=
12,-18,lL3/U16OVMmEYVUnG77KcYavXx4=,WKRGBdqHYctCVfqYajF9MDhjyG0=
12,-17,5uorg7vCYEm/yEHgysbMuVfBnJ8=,Ob2dI8ivdcENHH431PtXc2c5lxg=
12,-4,5uorg7vCYEm/yEHgysbMuVfBnJ8=,aAdN3CTZmvYZG2LxVELIk1fnv/E=
12,-3,5uorg7vCYEm/yEHgysbMuVfBnJ8=,VoSMyOsWP9QFfyPgY1+vr9Qztts=
12,-2,5uorg7vCYEm/yEHgysbMuVfBnJ8=,c08w8s1pIpoE1I46BqlBZDYkRWM=
12,-1,5uorg7vCYEm/yEHgysbMuVfBnJ8=,PnVSsjiMUeBIa3ErIjz2ofNMQdA=
12,-8,5uorg7vCYEm/yEHgysbMuVfBnJ8=,VJtDTCCU/09opRo/PXDXAaP18CU=
12,-7,5uorg7vCYEm/yEHgysbMuVfBnJ8=,X1Aucvc4Ly+2CJ4aRRxq6z/Cn+4=
12,-6,5uorg7vCYEm/yEHgysbMuVfBnJ8=,IHCAWkxIAPZOnnisIzqfG28bXFI=
12,-5,5uorg7vCYEm/yEHgysbMuVfBnJ8=,0qyfV3v6CkhwppZ4DgPT0Kx4iVU=
12,-12,5uorg7vCYEm/yEHgysbMuVfBnJ8=,Jq+aacgEH32c7Omz4ZlXkth8DvY=
12,-11,5uorg7vCYEm/yEHgysbMuVfBnJ8=,0xh/spZpFZFlwdsouxck05A+GXc=
12,-10,5uorg7vCYEm/yEHgysbMuVfBnJ8=,ybRQNY2jaZsHdaoYg7tk9WyYolA=
12,-9,5uorg7vCYEm/yEHgysbMuVfBnJ8=,uX/1aXZjzTwgvqiot9nH3lUd7po=
12,-16,5uorg7vCYEm/yEHgysbMuVfBnJ8=,O34MsS5pJeJO8gcrQkluYnb4bpo=
12,-15,5F/UxVoZD5xeZy3sx01Wp+V5eCw=,Oxna1+BnzgiWF4/X+jdtBEZR9xE=
12,-14,5F/UxVoZD5xeZy3sx01Wp+V5eCw=,Nx6Wvv82ppDTxsvd6AqPK+piVbU=
12,-13,5F/UxVoZD5xeZy3sx01Wp+V5eCw=,vZCyLzR0R7RQM7nBfdo607/cWAw=
11,-17,5F/UxVoZD5xeZy3sx01Wp+V5eCw=,CH/E5lXKezspLNEMP2rSQt6pc64=
11,-18,5F/UxVoZD5xeZy3sx01Wp+V5eCw=,uem2cVImn5SG4w9vIRnh2mwF/DU=
11,-5,5F/UxVoZD5xeZy3sx01Wp+V5eCw=,g52GUCyx2fs9apCOARvn6a6Bwj8=
11,-6,5F/UxVoZD5xeZy3sx01Wp+V5eCw=,aBpcWfdGKPvqBRj3+C0JaTVaooY=
11,-7,5F/UxVoZD5xeZy3sx01Wp+V5eCw=,R907PeGuSFeLKSYIInsyyhPxJaY=
11,-8,5F/UxVoZD5xeZy3sx01Wp+V5eCw=,TOwXozSBE3Xds5k4uM1QxLIOdb0=
11,-1,5F/UxVoZD5xeZy3sx01Wp+V5eCw=,TYbCo56k4AjLFGHhP4GNc74OWZQ=
11,-2,5F/UxVoZD5xeZy3sx01Wp+V5eCw=,kJpZM+/+sD2ErnU3oqGknxQkMEU=
11,-3,5F/UxVoZD5xeZy3sx01Wp+V5eCw=,CrPRm4Cbhrln8lTMC+zLoPWVyjw=
11,-4,4Ay6BhfIzQGk0HkOG01wj/FDG4Q=,lId8bot0syitVq9fpsB+uqRrS5A=
11,-13,4Ay6BhfIzQGk0HkOG01wj/FDG4Q=,9leuifAPCl7j+3ka5zgtJ1jSsYU=
11,-14,4Ay6BhfIzQGk0HkOG01wj/FDG4Q=,UurqtwjeXP2nFf6mMlYyShNu/0E=
11,-15,4Ay6BhfIzQGk0HkOG01wj/FDG4Q=,W4zeomQWdYSfWgkOwv8/LCDY70o=
11,-16,4Ay6BhfIzQGk0HkOG01wj/FDG4Q=,/agPP2O4Mp5+tAF8QCii80B3rvc=
11,-9,4Ay6BhfIzQGk0HkOG01wj/FDG4Q=,2Z+G4XUEJmz5YqcC6KzO1+rLS4Q=
11,-10,4Ay6BhfIzQGk0HkOG01wj/FDG4Q=,x5yM4+H7e16puIsXyEW/Nyz0aPM=
11,-11,4Ay6BhfIzQGk0HkOG01wj/FDG4Q=,flpzfmGmWdpcwVNJyFk1XychfvU=
11,-12,4Ay6BhfIzQGk0HkOG01wj/FDG4Q=,dhngCdBqg3MxIaaML4beRDbELZU=
10,-18,4Ay6BhfIzQGk0HkOG01wj/FDG4Q=,QZ1TbiEUFCBgfFmOaN8dfyldJxA=
10,-17,4Ay6BhfIzQGk0HkOG01wj/FDG4Q=,Dw2Q4X/ON06lfnT8SwIYkekf6yo=
10,-6,4Ay6BhfIzQGk0HkOG01wj/FDG4Q=,rxUjOr/BsjgnAf6RSjQVpMeWQis=
10,-5,4Ay6BhfIzQGk0HkOG01wj/FDG4Q=,/Jg318Zv24wH3FaJyJR34uxZjQ4=
10,-8,ni8ZIFWdTIHI70cOeb728MFIjIE=,+8P4NrxLxbWTrSsNzrdz1IcavqQ=
10,-7,ni8ZIFWdTIHI70cOeb728MFIjIE=,5YfNZZT3WE0OrWwwmFeYiJM1SBU=
10,-2,ni8ZIFWdTIHI70cOeb728MFIjIE=,rX7Sp4GUc3n1j7Q5zU9uz0P3+Ik=
10,-1,ni8ZIFWdTIHI70cOeb728MFIjIE=,Svm1xzJ4jSvs1BM8SfWf4iYmipY=
10,-4,ni8ZIFWdTIHI70cOeb728MFIjIE=,twM7wqNyS9HBkO5UuX6Gv/p+O2w=
10,-3,ni8ZIFWdTIHI70cOeb728MFIjIE=,Vp0rCS2PG7y8RXp2CKGu43t7DMU=
10,-14,ni8ZIFWdTIHI70cOeb728MFIjIE=,+TIR78aBj+gVMIzxoBysWaErN+0=
10,-13,ni8ZIFWdTIHI70cOeb728MFIjIE=,20DgRdZQzeOi9zTtCoBKVTHNonM=
10,-16,ni8ZIFWdTIHI70cOeb728MFIjIE=,IS9HlLVm8kUGkmd0GR47rWVl3Ek=
10,-15,ni8ZIFWdTIHI70cOeb728MFIjIE=,o6a4TrWBJw+cQPhV/x3f2O3GnfM=
10,-10,ni8ZIFWdTIHI70cOeb728MFIjIE=,jEzz6b3vvyzXMlh1UQl1bNfGOlc=
10,-9,ni8ZIFWdTIHI70cOeb728MFIjIE=,/6cbrkRV7V332BDwUeQ3fzTwsg8=
10,-12,ni8ZIFWdTIHI70cOeb728MFIjIE=,gzeO2nEwFj8lIBX1STJXRsWUR+4=
10,-11,ni8ZIFWdTIHI70cOeb728MFIjIE=,qe/54MScaeojKysnIa/7NN6xpAs=
9,-17,ni8ZIFWdTIHI70cOeb728MFIjIE=,VX7YGD8biEgavkRwAcR2JvT3wzY=
9,-18,fXIe4t8SYRjsLaTvJ6IrZQT0MEM=,evhthp2rpQkJrt2uKwboYhjb+tk=
9,-7,fXIe4t8SYRjsLaTvJ6IrZQT0MEM=,iFDG+6oSg5pByUDp+IodQdDyfro=
9,-8,fXIe4t8SYRjsLaTvJ6IrZQT0MEM=,tPhy1c87VTgixVy1yONSku4/wD0=
9,-5,fXIe4t8SYRjsLaTvJ6IrZQT0MEM=,9iIHHWwj6aXGIhxNLESspvrPS28=
9,-6,fXIe4t8SYRjsLaTvJ6IrZQT0MEM=,VE+qxI+dItkm9H+/eY4zEnFhcII=
9,-3,fXIe4t8SYRjsLaTvJ6IrZQT0MEM=,4/g7FUhDqEB0UGm7iGclzO7tFSU=
9,-4,fXIe4t8SYRjsLaTvJ6IrZQT0MEM=,mhCQcbD2SjUfMrKe0vCnz9mdusM=
9,-1,fXIe4t8SYRjsLaTvJ6IrZQT0MEM=,uJguv8lILdK9+WzCU4AwDiU/mu4=
9,-2,fXIe4t8SYRjsLaTvJ6IrZQT0MEM=,9f1Pq3c1uuXrb1oftddSGqQ9ue4=
9,-15,fXIe4t8SYRjsLaTvJ6IrZQT0MEM=,tOykM9qIy9IR2DVYyTYhwI5CAxo=
9,-16,fXIe4t8SYRjsLaTvJ6IrZQT0MEM=,HuAtKecbb4pPvU0XEKkHn+5KaRQ=
9,-13,wtJUwdQsSZMNostuVUZ4qARhDUc=,M5yxYxlaOOhd/DbsZu/hCcnzSjg=
9,-14,wtJUwdQsSZMNostuVUZ4qARhDUc=,dWC49F0sHyri1S5x5TvXa/cL6Kc=
9,-11,wtJUwdQsSZMNostuVUZ4qARhDUc=,R5mwN9hRvg0385u2DwDcTZiGNFc=
9,-12,wtJUwdQsSZMNostuVUZ4qARhDUc=,0aYUKvYBY0lPs6a5x3qaBBGJSQI=
9,-9,wtJUwdQsSZMNostuVUZ4qARhDUc=,Pr66QIOfh80i4KBdDXdRnvmoQcg=
9,-10,wtJUwdQsSZMNostuVUZ4qARhDUc=,CZEGBgNMIxrLdEDIuFjZiojNgT8=
8,-18,wtJUwdQsSZMNostuVUZ4qARhDUc=,V7NlCmVyaM9STuyE3oE4xFEuhwo=
8,-17,wtJUwdQsSZMNostuVUZ4qARhDUc=,noLansdkzwJthBq0OJ8982R4cmo=
8,-8,wtJUwdQsSZMNostuVUZ4qARhDUc=,Im6APzFcce5VSlLN9+dzET+4eTQ=
8,-7,wtJUwdQsSZMNostuVUZ4qARhDUc=,eBWXXJIvvGkEU89+/A88G+wXbg8=
8,-6,wtJUwdQsSZMNostuVUZ4qARhDUc=,eVzzulJzmOyn3l8b4s+SwOzFp0E=
8,-5,wtJUwdQsSZMNostuVUZ4qARhDUc=,C4SRVyA3IR2JXLvFkDdhGf9x0Yg=
8,-4,wtJUwdQsSZMNostuVUZ4qARhDUc=,eO9IoZkiGRtH0Sy796xRObs7DDc=
8,-3,wtJUwdQsSZMNostuVUZ4qARhDUc=,MVK2tmNPlbiNbkg60EVfFIKAUh0=
8,-2,wtJUwdQsSZMNostuVUZ4qARhDUc=,ovG2nKf6S0tzESW2o2SIGt178H4=
8,-1,wtJUwdQsSZMNostuVUZ4qARhDUc=,MN+aLheyOPiZRZ70wH7s/AnB1Dg=
8,-16,6JfYwAfyIedRB0zLyq8Tv2to55s=,SQ/897ANkHmdo7iQa5vwPdi3NvA=
8,-15,6JfYwAfyIedRB0zLyq8Tv2to55s=,8yFHDCoDCbztGZ52stYxo5TCKPg=
8,-14,6JfYwAfyIedRB0zLyq8Tv2to55s=,3/XVntw9k9iP/DKgWx1G+u3fwWk=
8,-13,6JfYwAfyIedRB0zLyq8Tv2to55s=,o6pPELOmmEoLBhJfZdJ3s6R5y7I=
8,-12,6JfYwAfyIedRB0zLyq8Tv2to55s=,8NCD///nCPEGhUHzl9Xfvr1qrf4=
8,-11,6JfYwAfyIedRB0zLyq8Tv2to55s=,TFTPYkjb+mKYA7yTQPx5wPv/7Mc=
8,-10,6JfYwAfyIedRB0zLyq8Tv2to55s=,exWwho3RHX0CLFubVII38MVTFb0=
8,-9,6JfYwAfyIedRB0zLyq8Tv2to55s=,+vLFTjo0ZN4I2tgQWbDFI0sPXV0=
7,-17,6JfYwAfyIedRB0zLyq8Tv2to55s=,diZgemjGA+suGYUIZPJfU35YZS4=
7,-18,6JfYwAfyIedRB0zLyq8Tv2to55s=,5PqvcFpo3OoqZEIDv4MfxuumZxQ=
7,-9,6JfYwAfyIedRB0zLyq8Tv2to55s=,Z/9iVmFDyVWsV/Nza5YxyJRiLgI=
7,-10,6JfYwAfyIedRB0zLyq8Tv2to55s=,QOkddNTqNXxiskx0Ji5jHZjrQzk=
7,-11,kAnaRnFrClppaBdkDM0qFTviZyQ=,uCJzDDKrzCneJPGQBAy6+ocr4oA=
7,-12,kAnaRnFrClppaBdkDM0qFTviZyQ=,HHdHuzTFuFk2aFgPl0x/wr9fCZU=
7,-13,kAnaRnFrClppaBdkDM0qFTviZyQ=,c6+pybcxhT3QtPHjYU/k901ganM=
7,-14,kAnaRnFrClppaBdkDM0qFTviZyQ=,2S5C4Olw9pigt0frHeXovTndMzk=
7,-15,kAnaRnFrClppaBdkDM0qFTviZyQ=,CbN5MzYvUBA9x3ItB9aaVrk8dK4=
7,-16,kAnaRnFrClppaBdkDM0qFTviZyQ=,7+XsiLpFKjPuug2er0gzP//pII4=
7,-1,kAnaRnFrClppaBdkDM0qFTviZyQ=,h0whn9iQ1aYLdaM6oMnoGrWWp2c=
7,-2,kAnaRnFrClppaBdkDM0qFTviZyQ=,uMN5a+EnCjOrgE/WYCne87ZDPY4=
7,-3,kAnaRnFrClppaBdkDM0qFTviZyQ=,KRtcuYDLoREiitH5aAnVaI9LAFU=
7,-4,kAnaRnFrClppaBdkDM0qFTviZyQ=,l+BnjZsZypEy+QeFgMHOEYTV+4Q=
7,-5,kAnaRnFrClppaBdkDM0qFTviZyQ=,RRgqqvJ8dOXUtFGy3FD2D55yyuA=
7,-6,kAnaRnFrClppaBdkDM0qFTviZyQ=,uOq5O7jrGG9AhlAXxLdaxDRzfRM=
7,-7,kAnaRnFrClppaBdkDM0qFTviZyQ=,c19brkoW9Rol5ap10NPuuOjIJKU=
7,-8,kAnaRnFrClppaBdkDM0qFTviZyQ=,C0BDEPYt1lmkFQGuAlToYzZ7Uow=
6,-18,5FjtB+5nM0M/8Gh4q/W5+x5FbsI=,JJFaAytDPykPAFAPT9pZ2ZbQ4ek=
6,-17,5FjtB+5nM0M/8Gh4q/W5+x5FbsI=,Xt0xe23qB6+ahfmcuse2lRYR2Xk=
6,-10,5FjtB+5nM0M/8Gh4q/W5+x5FbsI=,/CnA8mzmOwP95tptkjTgunKDOOA=
6,-9,5FjtB+5nM0M/8Gh4q/W5+x5FbsI=,S5PHpIKmFLqK3QREi1S7pWNmjTs=
6,-12,5FjtB+5nM0M/8Gh4q/W5+x5FbsI=,ZaJhwaku9z9m0DecJdeHl5GbsWg=
6,-11,5FjtB+5nM0M/8Gh4q/W5+x5FbsI=,nlsUWAnXZjYVXkTq7CRlt4/vf7g=
6,-14,5FjtB+5nM0M/8Gh4q/W5+x5FbsI=,IlpiM8zht5uht2Qx/2ffFnQdHhU=
6,-13,5FjtB+5nM0M/8Gh4q/W5+x5FbsI=,IqJGzJsvyH1Ddu2V4Ug3/c4osmo=
6,-16,5FjtB+5nM0M/8Gh4q/W5+x5FbsI=,dVZXL7nKmm5U/uVGk4uuK4WEdJs=
6,-15,5FjtB+5nM0M/8Gh4q/W5+x5FbsI=,f+y8IsSttOn2h/QgcfJUDVd5Cws=
6,-2,5FjtB+5nM0M/8Gh4q/W5+x5FbsI=,URkjt+c/aWRsp+8GXjEDpJKnzEI=
6,-1,5FjtB+5nM0M/8Gh4q/W5+x5FbsI=,9l/DpE508QAenWttrWXdaX7ZbkE=
6,-4,5FjtB+5nM0M/8Gh4q/W5+x5FbsI=,7rUirQH7JxyXY7RW1+JxMNRHZXY=
6,-3,7SyiucWM5uPsiSoImq5Qtzn7qFg=,+2Q6LSqEvJo9up2oIU8b9CI7b1Q=
6,-6,7SyiucWM5uPsiSoImq5Qtzn7qFg=,xAUiE9Pq6BPCtBMbyfU2NR5blT0=
6,-5,7SyiucWM5uPsiSoImq5Qtzn7qFg=,LfZkRYULLW4/DSTSp5bhK8S12Us=
6,-8,7SyiucWM5uPsiSoImq5Qtzn7qFg=,wEZiqOYqG8Ony1M3sLyekHw1xmg=
6,-7,7SyiucWM5uPsiSoImq5Qtzn7qFg=,IsnDrW5HendH5qFCmWWcECXmTUc=
5,-17,7SyiucWM5uPsiSoImq5Qtzn7qFg=,7OJIXll6TcjgD/Bmk6o4+vOizF4=
5,-18,7SyiucWM5uPsiSoImq5Qtzn7qFg=,GnjL0yhWLhquL/pz6aMuTeKDbAo=
5,-11,7SyiucWM5uPsiSoImq5Qtzn7qFg=,nruUNJ9HeIY2wGb8ygG9gpHszPI=
5,-12,7SyiucWM5uPsiSoImq5Qtzn7qFg=,m2Kfjnaf/kOjvJbExZM56XmQJGE=
5,-9,7SyiucWM5uPsiSoImq5Qtzn7qFg=,XObTchSIExVujZMPOm2h6FPumQM=
5,-10,7SyiucWM5uPsiSoImq5Qtzn7qFg=,cvh1AXjTs0T1QkCizJAF4LG0Zd4=
5,-15,VUKuGiP6rQGj5znxQH4GgQHIj34=,QdracPmu/X1WArcrEnAB258U5Pk=
5,-16,VUKuGiP6rQGj5znxQH4GgQHIj34=,sffaFNeQJHfkOnJZmwAzf7YPXF4=
5,-13,VUKuGiP6rQGj5znxQH4GgQHIj34=,S3C4I07NyWzbEMelpYpJnQz/3LU=
5,-14,VUKuGiP6rQGj5znxQH4GgQHIj34=,S3C4I07NyWzbEMelpYpJnQz/3LU=
5,-3,VUKuGiP6rQGj5znxQH4GgQHIj34=,xj8YiIkhioqPzySaAsj88bmq8bg=
5,-4,VUKuGiP6rQGj5znxQH4GgQHIj34=,ltkkpf0R7JFbeYXsoEgqbO1UfEo=
5,-1,VUKuGiP6rQGj5znxQH4GgQHIj34=,7N7SlcyM7jpg1WDlfLGYM0d57kM=
5,-2,VUKuGiP6rQGj5znxQH4GgQHIj34=,3p2RONIUycjzZXTjmTpBbSH3mnU=
5,-7,VUKuGiP6rQGj5znxQH4GgQHIj34=,wP1YuQcJsM30OAM+HKkAzVXEi+M=
5,-8,VUKuGiP6rQGj5znxQH4GgQHIj34=,1C52ZXaSBo1NM/3Wrx4rd/xiUxg=
5,-5,VUKuGiP6rQGj5znxQH4GgQHIj34=,83y+Py0anPpPB1z4jOApUWVawNs=
5,-6,VUKuGiP6rQGj5znxQH4GgQHIj34=,Hzfi751kn79lSuS+HlxIwfSBaYY=
4,-18,VUKuGiP6rQGj5znxQH4GgQHIj34=,sNkLqpAEZwGlSjjn4WOPHbrsddc=
4,-17,VUKuGiP6rQGj5znxQH4GgQHIj34=,ZwnFSW/M5IGicRGk2NXLvtVE2Eo=
4,-12,VUKuGiP6rQGj5znxQH4GgQHIj34=,zyQWG+mRx75Tmk8hYIMDfJoxiog=
4,-11,BiTlhWECP4/R/YeVLryO7CHZKyM=,MVKzYBxg8PQih1TQnxW5V4yipZM=
4,-10,BiTlhWECP4/R/YeVLryO7CHZKyM=,SP8ZD1MpDF9VZw93O62LLJkgLM8=
4,-9,BiTlhWECP4/R/YeVLryO7CHZKyM=,kTMJ08b41e0pW/2KgHr2ojKK0ns=
4,-16,BiTlhWECP4/R/YeVLryO7CHZKyM=,/Adr1RrWOHatcXGV/imjkBPbeI0=
4,-15,BiTlhWECP4/R/YeVLryO7CHZKyM=,H0te1yVyHoPmnzpgvK8NxWvHUeQ=
4,-14,BiTlhWECP4/R/YeVLryO7CHZKyM=,DT+0wp8Vwlhs+ZSRJ9FcUSbADZg=
4,-13,BiTlhWECP4/R/YeVLryO7CHZKyM=,DT+0wp8Vwlhs+ZSRJ9FcUSbADZg=
4,-4,BiTlhWECP4/R/YeVLryO7CHZKyM=,JagvCGclpdcbIix22sqt4lLDYas=
4,-3,BiTlhWECP4/R/YeVLryO7CHZKyM=,9X9tTe57bqImVJiw+YPm+HygQqY=
4,-2,BiTlhWECP4/R/YeVLryO7CHZKyM=,qSnFi/j8ykGpdMdG4Xdsee+sTtU=
4,-1,BiTlhWECP4/R/YeVLryO7CHZKyM=,TycdAqZjKa5vbvY/RVPPq0+oOp0=
4,-8,BiTlhWECP4/R/YeVLryO7CHZKyM=,BoaRB6kfdXD1HsiSyam+S9fdbZU=
4,-7,BiTlhWECP4/R/YeVLryO7CHZKyM=,r/oKBqkqaItEUWdj0C7h13zhzuw=
4,-6,BiTlhWECP4/R/YeVLryO7CHZKyM=,Hzfi751kn79lSuS+HlxIwfSBaYY=
4,-5,BiTlhWECP4/R/YeVLryO7CHZKyM=,EU6baHGmm2mna9Kmhy1s+ZoGVqA=
3,-17,jTlYqmOainQ6ZKLVe50EnJKrIZI=,rM7s4HyhI4X/BLm8AeHx2hPShSY=
3,-18,jTlYqmOainQ6ZKLVe50EnJKrIZI=,RVid3qh4IDTnRbvPbUPVM5rkeuo=
3,-13,jTlYqmOainQ6ZKLVe50EnJKrIZI=,nBuAmD4rFPjaFNXuh/7soHlEsww=
3,-14,jTlYqmOainQ6ZKLVe50EnJKrIZI=,nBuAmD4rFPjaFNXuh/7soHlEsww=
3,-15,jTlYqmOainQ6ZKLVe50EnJKrIZI=,Jo9azChT8kfpymALi/4vfSEC2yQ=
3,-16,jTlYqmOainQ6ZKLVe50EnJKrIZI=,/ATTvKxlHUCK6Gljmmi5dkEfHKo=
3,-9,jTlYqmOainQ6ZKLVe50EnJKrIZI=,QP3TTIwKsvKYNz4KtWjZialx/GU=
3,-10,jTlYqmOainQ6ZKLVe50EnJKrIZI=,/355d6jxbahuZm/7li77GZSCUmE=
3,-11,jTlYqmOainQ6ZKLVe50EnJKrIZI=,N3XVbxYNNLkZSAymtjSig4k0wSo=
3,-12,jTlYqmOainQ6ZKLVe50EnJKrIZI=,nBuAmD4rFPjaFNXuh/7soHlEsww=
3,-5,jTlYqmOainQ6ZKLVe50EnJKrIZI=,3sYFxgg/4k4KvxSxwyM+ktZwdcA=
3,-6,jTlYqmOainQ6ZKLVe50EnJKrIZI=,Hzfi751kn79lSuS+HlxIwfSBaYY=
3,-7,jTlYqmOainQ6ZKLVe50EnJKrIZI=,YPcPNfFFJTWMqLtYn72gBs3rtwU=
3,-8,jTlYqmOainQ6ZKLVe50EnJKrIZI=,Tm0IdXZRQkc2JBBCCMnunLE1mFY=
3,-1,zOf4ld4QjrGhRs88t7OCmNxycsk=,tMtnuW4WYGLzx8nTKRQOu8pr3Jw=
3,-2,zOf4ld4QjrGhRs88t7OCmNxycsk=,7SAYC5nSYf6wNE3pZNjB4X3igYg=
3,-3,zOf4ld4QjrGhRs88t7OCmNxycsk=,6EOk+apTjWXgRi701YCxP6erjW0=
3,-4,zOf4ld4QjrGhRs88t7OCmNxycsk=,q/fo0ztNvrOwu7WsVpy1BxdHTBI=
2,-18,zOf4ld4QjrGhRs88t7OCmNxycsk=,JXWHmoF4TZVdRM0hZqDmyW8I8HE=
2,-17,zOf4ld4QjrGhRs88t7OCmNxycsk=,UorpVKGFaxnwlfU+fnk1/gyCAMo=
2,-14,zOf4ld4QjrGhRs88t7OCmNxycsk=,hGWFquWjwfBz76IW0zYSkB745HQ=
2,-13,zOf4ld4QjrGhRs88t7OCmNxycsk=,CGT1Eb6tfb4v02oUU/PmPQ/e+6E=
2,-16,zOf4ld4QjrGhRs88t7OCmNxycsk=,nAyvjifLClJDVwfvXJUj+sOmPnI=
2,-15,zOf4ld4QjrGhRs88t7OCmNxycsk=,Hwkx4uGKdhT47r9fbPh+0EOxNAM=
2,-10,zOf4ld4QjrGhRs88t7OCmNxycsk=,z5nHLV8FmhpPRE57cNom/INxZzA=
2,-9,zOf4ld4QjrGhRs88t7OCmNxycsk=,ACOeu3IWo48zdkoP83WzTTc+fRA=
2,-12,zOf4ld4QjrGhRs88t7OCmNxycsk=,sthWMSYjf6+6xUDQ80Hn0XLXigM=
2,-11,zOf4ld4QjrGhRs88t7OCmNxycsk=,4PtFbwWVyH24x053s0Q2DKcGrYo=
2,-6,zOf4ld4QjrGhRs88t7OCmNxycsk=,f8Wr2baOrIRb6ZhPFsFM5vutYTw=
2,-5,vvggpTzx7YtPWx6y0Rokvg5WKHA=,jSvIBL9xpXrHascRmHs/7ku69R4=
2,-8,vvggpTzx7YtPWx6y0Rokvg5WKHA=,EMkuFCEBFfmHqF5uZCs/Guk30RE=
2,-7,vvggpTzx7YtPWx6y0Rokvg5WKHA=,g4Mznne93ARN26qdso1crbyU7wM=
2,-2,vvggpTzx7YtPWx6y0Rokvg5WKHA=,V16d5YpJ8Cvcm15uNtPXs6Ob3xA=
2,-1,vvggpTzx7YtPWx6y0Rokvg5WKHA=,4tvKgfLNvVSPgR+4fcJt0Z+qFkY=
2,-4,vvggpTzx7YtPWx6y0Rokvg5WKHA=,BqPkAKcT7YL1wr4OU+oiZafVL48=
2,-3,vvggpTzx7YtPWx6y0Rokvg5WKHA=,48AIGvp+ZvAu8ZQKcoX06CxLJNA=
1,-17,vvggpTzx7YtPWx6y0Rokvg5WKHA=,xDSj2szASAPrnPKcFhC7MsnjzmM=
1,-18,vvggpTzx7YtPWx6y0Rokvg5WKHA=,e0HhzgP04HwT37lVH8kO8VSgPf4=
1,-15,vvggpTzx7YtPWx6y0Rokvg5WKHA=,eTV8p7+Ral8jVURhpkb3OiooNlc=
1,-16,vvggpTzx7YtPWx6y0Rokvg5WKHA=,AweHXshvfo0BCtE4ljPmXkB6Idw=
1,-13,vvggpTzx7YtPWx6y0Rokvg5WKHA=,z+oWMC//aFoPcbqvy/9ScMjqqVo=
1,-14,vvggpTzx7YtPWx6y0Rokvg5WKHA=,2hyvWjAtBj613jnvOpp0LK2WkWc=
1,-11,nlIW1y0fNp2yYW5b8XzSWz62Wfs=,jYPqwFU3LnSFxphJrleUj3xEBMM=
1,-12,nlIW1y0fNp2yYW5b8XzSWz62Wfs=,z33NFvF9B+7fC8SsSu7F79LGZc8=
1,-9,nlIW1y0fNp2yYW5b8XzSWz62Wfs=,FVtMhjreCl/QdMdTbu2kohWRG2k=
1,-10,nlIW1y0fNp2yYW5b8XzSWz62Wfs=,ACOeu3IWo48zdkoP83WzTTc+fRA=
1,-7,nlIW1y0fNp2yYW5b8XzSWz62Wfs=,r+RLopqV4X4JQ/U5+VTaYFoOBTM=
1,-8,nlIW1y0fNp2yYW5b8XzSWz62Wfs=,qDC6sZnj3tVxLTPK3Gls66fUBlI=
1,-5,nlIW1y0fNp2yYW5b8XzSWz62Wfs=,fYSlmCQyWVDW+tKwcNwFdQ4Q5mA=
1,-6,nlIW1y0fNp2yYW5b8XzSWz62Wfs=,hNETPNiQYhxcz600psYk6HBIMgk=
1,-3,nlIW1y0fNp2yYW5b8XzSWz62Wfs=,rtXK6coAW7FqAbfvS8f6uNd7b70=
1,-4,nlIW1y0fNp2yYW5b8XzSWz62Wfs=,foCU/XXEBRm+xECQSnO8TDYS6Xk=
1,-1,nlIW1y0fNp2yYW5b8XzSWz62Wfs=,//AeSMHQeawYFqKczXRfdGGEOBY=
1,-2,nlIW1y0fNp2yYW5b8XzSWz62Wfs=,7w8VbLXHHc5EpVJPUJJuhZmCiZw=
0,-18,nlIW1y0fNp2yYW5b8XzSWz62Wfs=,hzmqrEN/1cy5EtYbb6SzMN/nTY8=
0,-17,nlIW1y0fNp2yYW5b8XzSWz62Wfs=,iGWhVbxQXPpO/UL6sOlmP4EJ1EA=
0,-16,nlIW1y0fNp2yYW5b8XzSWz62Wfs=,M4GAuUgk/SEwumBjY4crCvmBMXM=
0,-15,nlIW1y0fNp2yYW5b8XzSWz62Wfs=,M4GAuUgk/SEwumBjY4crCvmBMXM=
0,-14,nlIW1y0fNp2yYW5b8XzSWz62Wfs=,M4GAuUgk/SEwumBjY4crCvmBMXM=
0,-13,ENRjDhJPH917Oh76WbugkYX7Tng=,z+K2qhJN0aK6GJUaK6B4T+3Fov0=
0,-12,ENRjDhJPH917Oh76WbugkYX7Tng=,7B+ndvWrpeoWeOpRQ0/LzmMwS7o=
0,-11,ENRjDhJPH917Oh76WbugkYX7Tng=,dCTlJpEa8xo+1CRMIVT2nE+Zugs=
0,-10,ENRjDhJPH917Oh76WbugkYX7Tng=,FVtMhjreCl/QdMdTbu2kohWRG2k=
0,-9,ENRjDhJPH917Oh76WbugkYX7Tng=,XILKBXvqNLUniCFMD4rMB8U9N7o=
0,-8,ENRjDhJPH917Oh76WbugkYX7Tng=,XzwZzJmklDz6YVlZ6hJXKx7vYK0=
0,-7,ENRjDhJPH917Oh76WbugkYX7Tng=,S1c1zfB9hU4kzsJV+Ci3JeyVQDU=
0,-6,ENRjDhJPH917Oh76WbugkYX7Tng=,2kEIRF8d22tKVvOglG7LUpjCB1M=
0,-5,ENRjDhJPH917Oh76WbugkYX7Tng=,5idMQq1oXiq8qf41WGkgowWuw/U=
0,-4,ENRjDhJPH917Oh76WbugkYX7Tng=,uyqNaTbVWgmRb2Ho+4I81kqSV7s=
0,-3,ENRjDhJPH917Oh76WbugkYX7Tng=,uyqNaTbVWgmRb2Ho+4I81kqSV7s=
0,-2,ENRjDhJPH917Oh76WbugkYX7Tng=,xNH5ZN4HK06yjce+9BqYzXAzdD8=
0,-1,ENRjDhJPH917Oh76WbugkYX7Tng=,KLfEhoju7fiE6qI+ntziU1ZuRxA=
